ID;Nome;Localidade;Profissao
96454269;Agnes Caldeira;Braga    Barcelos    Silveiros    1 108     461;Nutricionista
23870321;Georgina Castilho;Porto    Matosinhos    Matosinhos    28 488     531;Pedreiro
40372072;Thays/Taís Matos;Braga    Vila Nova de Famalicão    Vilarinho das Cambas    1 319     950;Ator
11212100;Lourival Fontes;Beja    Mértola    Santana de Cambas    863    16 417;Administrador de sistemas
34830603;Graciete Covilhã;Braga    Vila Verde    Atães    616    298;Administrador de sistemas
34852814;Carlota Matos;Aveiro    Estarreja    Veiros    2 618     1 121;Técnico de análises clínicas
82407161;Adriano Gouveia;Viseu    Tarouca    S. João de Tarouca    735    2 246;Fisioterapeuta
13171592;Nara Porto;Viseu    Armamar    S. Cosmado    707    1 373;Consultor financeiro
25911231;Quirina Colaço;Leiria    Pombal    Vila Cã    1 725     3 035;Empregado de mesa
58895696;Cristiana Aldeia;Braga    Guimarães    Gondar    2 868     231;Serralheiro
24349845;Leopoldo Barata;Bragança    Miranda do Douro    Vila Chã de Braciosa    391    4 282;Comercial / vendedor
18630055;Durval Letras;Lisboa    Loures    Sta. Iria de Azóia    17 571     717;Babysitter
32600658;Helena Loio;Porto    Amarante    Bustelo    577    665;Web designer
17562103;Ezequiel Gusmão;Viseu    Viseu    Farminhão    787    1 072;DevOps engineer
10634618;Olga Castelo Branco;Porto    Marco de Canaveses    S. Lourenço do Douro    951    394;Educador de infância
54002894;Sidónio Macena;Porto    Vila Nova de Gaia    Pedroso    18 449     1 965;Influenciador digital
26085465;Maitê Muniz;Santarem    Tomar    Carregueiros    1 255     1 235;Cabeleireiro
77652814;Adelinda Dâmaso;Braga    Póvoa de Lanhoso (N. S. do Amparo)    Friande    324    514;Tradutor
81917561;Clóvis Queirós;Aveiro    Sta. Maria da Feira    Arrifana    6 544     532;Influenciador digital
43126031;Honória Simão;Braga    Vieira do Minho Anjos    415    1 644;Especialista em cibersegurança
13464397;Efigênia Aragão;Santarem    Abrantes    Fontes    819    2 848;Comercial / vendedor
17848242;Ernane Mourão;Castelo Branco    Vila Velha de Ródão    Fratel    760    9 786;Ator
16188233;Dorotéia Quintas;Açores    Praia da Vitória    Vila Nova    1 729     796;Programador / Desenvolvedor de software
18014118;Dayse Vilaverde;Porto    Matosinhos    Custóias    18 065     578;Programador / Desenvolvedor de software
41396455;Isabel Valadão;Guarda    Mêda    Aveloso    287    753;Diretor de hotel
25051082;Lauro Janes;Vila Real    Chaves    Cela    228    371;Engenheiro mecânico
27080174;Clotilde Custódio;Braga    Vila Verde    Aboim da Nóbrega    1 155     1 173;Carpinteiro
42172471;Keila Mondragão;Coimbra    Coimbra    Coimbra (Almedina)    1 557     109;Cabeleireiro
18481821;Belisa Rabello;Aveiro    Sta. Maria da Feira    Argoncilhe    8 655     869;Dentista
87215422;Reinaldo Quinaz;Braga    Braga    Navarra    454    224;Notário
69859631;Américo Mansilha;Aveiro    Anadia    Avelãs de Cima    2 446     4 088;Dentista
29563517;Darcy Villas Boas;Porto    Maia    Avioso (Sta. Maria)    3 360     464;Notário
24488805;Alessandra Medina;Vila Real    Ribeira de Pena    Canedo    507    3 849;Procurador
49061618;Catarina Fontoura;Açores    Horta    Pedro Miguel    723    1 471;Veterinário
42647484;Amaro Maciel;Viana do castelo    Ponte de Lima    Facha    1 482     1 582;Engenheiro eletrotécnico
92613589;Betânia Piteira;Beja    Serpa    Serpa (Sta. Maria)    2 184     15 433;Cabeleireiro
56825978;Clementina Freixo;Santarem    Constância    Montalvo    1 081     1 251;DevOps engineer
32624417;Brandon Mafra;Aveiro    Arouca    S. Miguel do Mato    800    2 734;Gestor de projetos IT
58977826;Olívia Castelo Branco;Aveiro    Aveiro    S. Jacinto    1 016     1 302;Ator
14112017;Albano Miguel;Aveiro    Arouca    Espiunca    477    1 468;Assistente dentário
48041901;Adosinda Goulart;Bragança    Vinhais    Rebordelo    665    2 215;Consultor financeiro
52746646;Evelina Cavadas;Viseu    Cinfães    Travanca    959    667;Engenheiro informático
43558518;Arnaldo Villalobos;Açores    Lajes do Pico    Ribeirinha    411    867;Técnico de radiologia
56966984;Gastão Igrejas;Braga    Guimarães    Vizela (S. Faustino)    1 050     211;Diretor de hotel
77023911;Isabel Cedro;Coimbra    Condeixa-a-Nova    Zambujal    429    1 804;Pintor
23332817;Jacinta Garrau;Castelo Branco    Covilhã    Tortosendo    5 426     1 923;Cientista de dados
22431143;Núbia Saraiva;Santarem    Chamusca    Chouto    715    20 530;DevOps engineer
25818159;Renata Sá;Lisboa    Alenquer    Cadafais    1 687     929;Analista de investimentos
30212284;Rosália Canhão;Leiria    Leiria    Barreira    3 301     1 176;Técnico de radiologia
17560103;Alexandre Narvais;Porto    Gondomar    Torno    2 452     335;DevOps engineer
26320519;Jacinta Manso;Porto    Santo Tirso    S. Salvador do Campo    1 134     156;Cabeleireiro
13971249;Assunta Coimbra;Santarem    Rio Maior    Malaqueijo    464    584;Ator
18467183;Aponino Bento;Braga    Fafe    Quinchães    2 344     1 045;Advogado
16076994;Dorotéia Góis;Beja    Ourique    Sta. Luzia    393    3 489;Educador social
36092776;Aline Gorjão;Braga    Barcelos    Galegos (Sta. Maria)    3 081     319;Enfermeiro
25251074;Aponino Telinhos;Guarda    Figueira de Castelo Rodrigo    Vale de Afonsinho    122    1 379;Psicólogo
20252600;Mariana Duarte;Vila Real    Mondim de Basto    Vilar de Ferreiros    1 373     1 615;Engenheiro eletrotécnico
27002622;Melinda Castro;Braga    Guimarães    Abação (S. Tomé)    2 300     467;Economista
58323676;Neli Grilo;Açores    Ribeira Grande    Calhetas    780    470;Músico
23410740;Olga Tomé;Lisboa    Cadaval    Vilar    1 688     1 685;Escritor
38790913;Maura Marins;Viana do castelo    Monção    Sago    266    281;Cabeleireiro
17543697;Firmina Aguiar;Braga    Barcelos    Grimancelos    861    325;Solicitador
14176146;Aurora Pinheiro;Vila Real    Alijó    Sta. Eugénia    411    779;Empregado de mesa
89492688;Filipa Angelim;Porto    Felgueiras    Vila Verde    714    122;Pescador
45500538;Leocádio Cardim;Porto    Marco de Canaveses    Vila Boa do Bispo    3 085     1 171;Rececionista de hotel
10256488;Violeta Narvais;Bragança    Freixo de Espada à Cinta    Poiares    507    4 064;Analista de dados
29117994;Gildo Barata;Braga    Guimarães    Polvoreira    3 813     321;Técnico de análises clínicas
47434347;Célia Felgueiras;Lisboa    Alenquer    Olhalvo    2 006     825;Motorista
11481171;Lília Varela;Vila Real    Sabrosa    S. Cristóvão do Douro    196    297;Animador turístico
40545491;Maximiliano Fogaça;Açores    Ponta Delgada    Santo António    2 004     1 173;Canalizador
88141302;Fabiana Dâmaso;Porto    Porto    S. Nicolau    2 937     21;Técnico de manutenção
32574651;Armando Sarmento;Viana do castelo    Ponte de Lima    Correlhã    3 068     804;Operador logístico
14241582;Alzira Diniz;Lisboa    Lisboa    S. Miguel    1 777     6;Gestor
36612708;Natália Viveiros;Braga    Braga    Dume    3 081     434;Procurador
59272950;Diva Beltrão;Viseu    Armamar    Armamar    1 222     788;Agricultor
42538236;Lena Lóio;Porto    Baião    Tresouras    520    483;Tradutor
33455962;Urraca Ourique;Évora    Vendas Novas    Corval    1 578     9 491;Canalizador
24573552;Lília Rosmaninho;Coimbra    Figueira da Foz    Moinhos da Gândara    1 376     1 108;Técnico ambiental
16920681;Marina Madruga;Lisboa    Alenquer    Cadafais    1 687     929;Advogado
47504646;Flora Regueira;Évora    Portel    Amieira    436    9 836;Administrador de sistemas
33081072;Cornélia Mesquita;Lisboa    Mafra    Vila Franca do Rosário    888    617;Psicólogo
24663551;Edgar Fagundes;Porto    Paredes    Castelões de Cepeda    7 299     369;Psicólogo
35128229;Eutímio Fonseca;Porto    Felgueiras    Vizela (S. Jorge)    596    125;Cientista de dados
16364549;Daniel Monsanto;Leiria    Porto de Mós    S. Bento    953    3 970;Dentista
74781446;Lucinda Keil do Amaral;Beja    Castro Verde    Entradas    774    7 592;Soldador
27658883;Isa Monforte;Beja    Almodôvar    Gomes Aires    483    6 618;Gestor
37117335;Branca Guedes;Castelo Branco    Penamacôr    S. Pedro do Esteval    666    6 096;Auxiliar de ação direta
30903309;Lisandro Calheiros;Viseu    Tondela    Vilar de Besteiros    931    1 177;Militar
14831115;Florência Fidalgo;Lisboa    Arruda dos Vinhos    Santiago dos Velhos    1 274     1 625;Comercial / vendedor
96089172;Graziela Bairros;Guarda    Sabugal    Rapoula do Côa    249    787;Engenheiro industrial
35318680;Irene Teodoro;Porto    Santo Tirso    Couto (S. Miguel)    1 292     239;Gestor de produto
10366677;Hélio Tabosa;Viana do castelo    Ponte da Barca    Touvedo (Salvador)    173    220;Enfermeiro
13822720;Apólo Lopes;Vila Real    Mondim de Basto    Atei    1 421     2 431;Gestor de e-commerce
47899647;Alexandre Malho;Castelo Branco    Sertã    Pedrógão Pequeno    916    4 275;Técnico de análises clínicas
51180879;Fernanda Bastos;Braga    Esposende    Curvos    831    345;Explicador / tutor
21410379;Mafalda Chagas;Évora    Vendas Novas    Campo    840    12 941;Fotógrafo
17380209;Lita Esparteiro;Braga    Braga    Adaúfe    3 959     1 016;Pedreiro
21738444;Nazário Assis;Lisboa    Sintra    S. João das Lampas    9 665     5 729;Cientista de dados
43645086;Fabiano Lobo;Bragança    Mogadouro    Vilar de Rei    99    1 446;Pintor
23178606;Noemi Quintero;Açores    Horta    Horta (Angústias)    2 784     412;Babysitter
15715509;Darcy Dorneles;Vila Real    Alijó    Sanfins do Douro    1 763     1 845;Babysitter
22448481;Horácio Osório;Porto    Paços de Ferreira    Raimonda    2 518     381;Consultor financeiro
80523638;Cesário Iglesias;Guarda    Fornos de Algodres    Juncais    316    887;Fisioterapeuta
57733763;Felicidade Moura;Setúbal    Grândola    Melides    1 789     16 270;Procurador
29995879;Neiva Calheiros;Guarda    Seia    Pinhanços    703    795;Influenciador digital
17625713;Herodes Ourique;Guarda    Celorico da Beira    Baraçal    271    1 200;Consultor financeiro
15739558;Hilton Campelo;Faro    Loulé    Quarteira    16 131     3 779;Técnico de manutenção
17176895;Marta Vilas Boas;Guarda    Vila Nova de Foz Côa    Castelo Melhor    336    3 641;Eletricista
67870269;Djalma Damásio;Lisboa    Odivelas    Famões    9 008     469;Escritor
11146540;Sidney Carreiro;Açores    Vila Franca do Campo    Vila Franca do Campo (S. Miguel)    4 047     1 947;Técnico administrativo
71388544;Maria Albuquerque;Viseu    S. João da Pesqueira    Várzea de Trevões    237    930;Agricultor
17641089;Énio Temes;Santarem    Cartaxo        Vale da Pedra    1 753     1 350;Maquinista
61516115;Samanta Guilheiro;Coimbra    Figueira da Foz    Tavarede    7 722     970;Funcionário público
18194213;Celeste Morais;Viana do castelo    Ponte de Lima    Rebordões (Sta. Maria)    1 065     720;Soldador
36096470;Gaspar Conceição;Lisboa    Torres Vedras    Dois Portos    2 153     3 821;Gestor de e-commerce
53714986;Calvino Casado;Guarda    Sabugal    Aldeia do Bispo    395    1 272;Maquinista
23644576;Violeta Sanches;Porto    Póvoa de Varzim    Balazar    2 475     1 157;Investigador
65621113;Perceu Grangeia;Viana do castelo    Arcos de Valdevez    Vale    891    1 490;Contabilista
20445527;Genoveva Sá;Porto    Paços de Ferreira    Seroa    3 661     605;Gestor de transportes
38347028;André Brum;Bragança    Macedo de Cavaleiros    Espadanedo    194    1 790;Piloto
11923404;Eleutério Valle;Aveiro    Castelo de Paiva    Real    1 371     3 317;Educador social
74193498;Vanda Branco;Leiria    Figueiró dos Vinhos    Arega    1 154     2 849;Personal trainer
16396970;Acácia Quintella;Coimbra    Coimbra    Trouxemil    2 999     781;Educador social
59518184;Belinda Caniça;Braga    Guimarães    Brito    4 605     614;Pedreiro
33912012;Adorinda Malheiro;Braga    Fafe    Fafe    15 323     750;Fisioterapeuta
10101785;Susete Belo;Évora    Vendas Novas    Campo    840    12 941;Empreendedor
12661636;Romana Rodovalho;Madeira    Calheta (Madeira)    Jardim do Mar    252    255;Educador de infância
17682811;Delfina Laureano;Castelo Branco    Castelo Branco    Lousa    752    3 572;Professor
47681858;Madalena Simão;Faro    Vila do Bispo    Sagres    1 939     3 428;Fotógrafo
50128023;Ester Miera;Guarda    Almeida    Junça    162    1 890;Funcionário público
18498296;Pablo Matoso;Coimbra    Coimbra    Antanhol    2 447     1 049;Pintor
49807184;Adelinda Grande;Viana do castelo    Monção    Lapela    248    156;Soldador
16074706;José Abelho;Santarem    Santarem    Sta. Iria da Ribeira de Santarém    1 021     1 453;Operador de máquinas
10739954;Cléber Loio;Santarem    Torres Novas    Olaia    1 917     2 196;DevOps engineer
78829792;Deonilde Sintra;Viana do castelo    Vila Nova de Cerveira    Candemil    246    864;Personal trainer
18713621;Carol Custódio;Bragança    Vila Flor    Vilas Boas    715    2 857;Pescador
72820476;Plácida Prudente;Vila Real    Boticas    Bobadela    354    1 478;Ator
45214226;Ariela Torres;Porto    Vila Nova de Gaia    Gulpilhares    9 707     614;Notário
24435929;Damião Garrau;Porto    Paços de Ferreira    Ferreira    4 085     589;Cuidador de idosos
68638650;Lina Sousa de Arronches;Setúbal    Alcochete    Alcochete    9 094     11 945;Guarda prisional
27079211;Narciso Quaresma;Évora    Estremoz    S. Domingos de Ana Loura    436    1 633;Educador de infância
32097624;Ricardo Gravato;Vila Real    Boticas    Beça    1 031     3 001;Pedreiro
53301190;Alícia Vasconcellos;Madeira    Santana    S. Jorge    1 610     1 830;Procurador
53838286;Dânia Penha;Vila Real    Sta. Marta de Penaguião    Lobrigos (S. Miguel)    1 327     442;Web designer
14055127;Amado Castanheira;Viana do castelo    Ponte de Lima    Brandara    479    251;Pescador
22421650;Aldino Jesus;Beja    Mértola    S. Pedro de Solis    318    6 374;Gestor de e-commerce
13232348;Tabita Mattos;Évora    Montemor-o-Novo    S. Cristovão    754    14 533;Agricultor
10133406;Mavilde Medina;Bragança    Moncorvo    Castedo    275    1 779;Influenciador digital
54830977;Genoveva Castanheira;Bragança    Macedo de Cavaleiros    Morais    704    5 280;Cabeleireiro
51573072;Barnabé Vidal;Coimbra    Penacova    S. Paio de Mondego    259    874;Jornalista
45206254;Odete Cangueiro;Guarda    Trancoso    Vilares    258    1 169;Técnico de radiologia
10094120;Lucília Talhão;Castelo Branco    Fundão    Aldeia de Joanes    971    799;Enfermeiro
78001953;Valentim Câmara;Guarda    Sabugal    Bendada    677    3 604;Programador / Desenvolvedor de software
13331691;Dulce Sobral;Viana do castelo    Arcos de Valdevez    Vila Fonche    770    310;Serralheiro
22641049;Justina Vilhena;Castelo Branco    Vila Velha de Ródão    Fratel    760    9 786;Serralheiro
17332594;Jonas França;Braga    Cabeceiras de Basto    Cabeceiras de Basto    868    2 452;Engenheiro agrónomo
22675622;Jocosa Mederos;Guarda    Pinhel    Cidadelhe    52    2 680;Engenheiro industrial
49760502;Anita Prada;Braga    Vila Verde    Codeceda    212    375;Diretor de hotel
54642592;Bernardete Lamego;Santarem    Sardoal    Sardoal    2 319     2 993;Motorista
38852447;Joaquina Sarmento;Braga    Cabeceiras de Basto    Abadim    668    1 493;Tradutor
12098251;Ângela Belo;Braga    Braga    Merelim (S. Pedro)    1 710     234;Barman
24361579;Altino Ribeiro;Viana do castelo    Ponte de Lima    Sta. Comba    680    166;Guia turístico
18806506;Eliana Gouveia;Coimbra    Penela    Penela (S. Miguel)    1 741     3 261;Gestor de produto
29126946;Arminda Mieiro;Bragança    Moncorvo    Urros    325    5 743;Técnico ambiental
15541850;Olívio Torrado;Viana do castelo    Ponte de Lima    Boalhosa    215    214;Professor
10800065;Dinorah Soto;Braga    Amares    Ferreiros    2 879     190;Consultor financeiro
15041627;Dagmar Granjeia;Évora    Reguengos de Monsaraz    Campinho    917    4 711;Tradutor
45262377;Lilian Vilariça;Guarda    Almeida    Almeida    1 491     5 234;Programador / Desenvolvedor de software
45762269;Silvéria Inácio;Braga    Póvoa de Lanhoso (N. S. do Amparo)    Póvoa de Lanhoso (N. S. do Amparo)    4 602     562;Videógrafo
29461920;Idalinda Secadura;Setúbal    Almada    Laranjeiro    21 175     366;Gestor de e-commerce
16780171;Neide Villas Boas;Porto    Matosinhos    Senhora da Hora    26 543     380;Técnico ambiental
38238878;Eutímio Reis;Aveiro    Arouca    Tropeço    1 297     940;Ator
71746725;Graça Pêssego;Viana do castelo    Paredes de Coura    Formariz    614    505;Serralheiro
15936446;Alessandra Pinhal;Aveiro    Aveiro    Cacia    7 006     3 736;Cabeleireiro
38670496;Arminda Grangeia;Santarem    Torres Novas    Parceiros de Igreja    985    1 240;Pescador
68358989;Dália Vilanova;Guarda    Guarda    Videmonte    552    4 957;Gestor de marketing
18708469;Lucas Holanda;Açores    Povoação    Faial da Terra    377    1 269;Economista
17887047;Núbia Faro;Leiria    Leiria    Carreira    1 337     539;Babysitter
32009907;Cláudio Ramos;Açores    Povoação    Furnas    1 541     3 388;Guia turístico
29850412;Neli Barata;Viana do castelo    Ponte da Barca    Boivães    338    634;Auxiliar de ação direta
20152645;Fernando Graça;Leiria    Pombal    Pombal    16 049     9 761;Engenheiro civil
17052228;Tarcísio Avellar;Açores    Praia da Vitória    Quatro Ribeiras    423    1 309;Operador logístico
20308191;Raimundo Muxagata;Braga    Amares    Figueiredo    1 040     322;Veterinário
97431250;Avelino Conceição;Viana do castelo    Paredes de Coura    Ferreira    479    1 001;Gestor de produto
29509969;Núria Pires;Vila Real    Vila Real    Campeã    1 627     2 391;Especialista em marketing digital
56950160;Renato Cardoso;Évora    Arraiolos    Sta. Justa    226    4 290;Educador de infância
62806594;Cristina Canto;Viseu    Moimenta da Beira    Nagosa    162    458;Solicitador
46118332;Plácida Pêssego;Guarda    Mêda    Carvalhal    134    1 162;Farmacêutico
75524776;Marlene Dorneles;Lisboa    Lourinhã    Marteleira    1 538     697;Gestor de e-commerce
62039279;José Raposo;Viseu    Lamego    Penude    1 807     1 293;Serralheiro
62136201;Nivaldo Brás;Bragança    Macedo de Cavaleiros    Vilarinho do Monte    72    731;Gestor de e-commerce
64116496;Leôncio Gama;Vila Real    Peso da Régua    Godim    4 951     418;Auxiliar de ação direta
30387817;Martim Tavares;Beja    Aljustrel    Rio de Moinhos    864    3 674;Engenheiro eletrotécnico
56998328;Emílio Veiga;Porto    Trofa    Muro    1 972     581;Professor
18816827;Fábia Cipriano;Faro    Silves    Armação de Pêra    3 770     915;Relações públicas
15750126;Nivaldo Tristão;Vila Real    Montalegre    Chã    928    5 760;Professor
56816990;Alfeu Gabeira;Coimbra    Penela    Podentes    584    1 722;Especialista em marketing digital
98443457;Leopoldina Mainha;Viseu    Resende    Miomães    391    277;Esteticista
26055312;Gervásio Bulhões;Bragança    Mirandela    Abambres    396    1 868;Professor
85736846;Hélia Pestana;Coimbra    Oliveira do Hospital    Sta. Ovaia    647    245;Consultor financeiro
71693802;Venâncio Franca;Braga    Fafe    Gontim    127    568;Analista de investimentos
36948370;Margarete Teixeira;Porto    Felgueiras    Santão    870    242;Jornalista
26848587;Lisandro Zagallo;Beja    Moura    Sobral da Adiça    1 046     13 830;Bombeiro
50446688;Manuela Candeias;Guarda    Sabugal    Santo Estêvão    360    2 359;Técnico de recursos humanos
42437332;Diná Bulhões;Castelo Branco    Covilhã    Erada    845    3 932;Cuidador de idosos
42649175;Lília Grande;Vila Real    Chaves    Curalha    518    736;Educador de infância
10528995;Belarmino Piteira;Guarda    Pinhel    Póvoa de El-Rei    74    641;Barman
14160209;Godofredo Cascais;Braga    Braga    Tenões    1 067     213;Gestor de projetos IT
66937207;Vieira Faustino;Viana do castelo    Ponte da Barca    Touvedo (Salvador)    173    220;Pintor
24888778;Raquel Brites;Viseu    Tarouca    Tarouca    3 416     1 968;Personal trainer
10777943;Miriam Ximenes;Açores    Ribeira Grande    Calhetas    780    470;Comercial / vendedor
65945852;Argeu Rios;Viseu    Tondela    Tourigo    571    890;Canalizador
27564288;Dário Seabra;Bragança    Alfândega da Fé    Gebelim    259    1 900;Formador profissional
90181572;Lúcia Cerveira;Bragança    Mirandela    Franco    302    1 715;Técnico de manutenção
32818591;Margarete Espartero;Braga    Vieira do Minho Salamonde    484    839;Técnico de radiologia
52236643;Anita Belchior;Braga    Fafe    Monte    393    705;Jornalista
15977057;Florinda Noite;Bragança    Bragança    Sendas    241    1 923;Biólogo
17602270;Bebiana Keil do Amaral;Bragança    Macedo de Cavaleiros    Macedo de Cavaleiros    6 087     1 534;Freelancer
50393489;Eunice Liberato;Braga    Vila Nova de Famalicão    Antas    5 376     435;Comercial / vendedor
10639139;Máxima Muxagata;Faro    Faro    Conceição    3 751     2 174;Notário
14963960;Damião Macieira;Vila Real    Ribeira de Pena    Canedo    507    3 849;Funcionário público
15282184;Óscar Martins;Santarem    Cartaxo        Vila Chã de Ourique    2 948     3 319;Fotógrafo
18199148;Edna Ginjeira;Porto    Paços de Ferreira    Codessos    856    210;Babysitter
60847460;Sidney Felgueiras;Braga    Guimarães    Atães    2 026     679;Economista
16404023;Hernâni Amado;Braga    Vila Verde    Barros    392    269;Analista de investimentos
19990962;Clemente Meneses;Guarda    Celorico da Beira    Ratoeira    292    770;Contabilista
62612032;Lino Bacelar;Coimbra    Miranda do Corvo    Rio Vide    897    1 146;Tradutor
27956488;Jaime Milheiriço;Santarem    Vila Nova da Barquinha    Atalaia    1 735     1 439;Explicador / tutor
48987331;Jeremias Robalo;Bragança    Moncorvo    Souto da Velha    125    1 238;Auxiliar de ação direta
25680543;Salomé Martinho;Lisboa    Lourinhã    Sta. Bárbara    1 414     751;Engenheiro informático
28893823;Libânio Balsemão;Viseu    Tondela    Guardão    1 834     1 877;Eletricista
12875378;Edson Lacerda;Bragança    Bragança    Pinela    244    2 184;Empregado de mesa
14717090;Rudolfo Laranjeira;Viana do castelo    Caminha    Vila Praia de Âncora    4 688     815;Rececionista de hotel
31127538;Belarmina Salgado;Braga    Amares    Barreiros    702    304;Técnico administrativo
14732179;Ernesto Lamego;Lisboa    Loures    Moscavide    12 184     77;Empregado de mesa
17311451;Sílvio Frias;Viana do castelo    Viana do Castelo    Vilar de Murteda    247    516;Engenheiro mecânico
19611709;Gastão Keil do Amaral;Porto    Póvoa de Varzim    Navais    1 683     423;Administrador de sistemas
70240114;Adriana Remígio;Bragança    Vimioso    Vilar Seco    220    2 308;Rececionista de hotel
43528949;Josefa Álvares;Viana do castelo    Arcos de Valdevez    Rio Frio    889    1 742;Serralheiro
46207091;Ingrid Sabrosa;Viseu    S. João da Pesqueira    Ervedosa do Douro    1 424     3 971;Guarda prisional
90033747;Jocelina Valentim;Viseu    Lamego    Avões    693    462;Gestor de transportes
23151248;Noélia Rua;Setúbal    Palmela    Quinta do Anjo    8 354     5 106;Maquinista
20103536;Ariana Filipe;Guarda    Guarda    Vila Soeiro    58    531;Tradutor
42612682;Leandro Carrilho;Viana do castelo    Ponte de Lima    Ponte de Lima    2 752     141;Assistente social
81393854;Adelino Galvão;Viseu    Nelas    Santar    1 156     1 247;Web designer
76569372;Flôr Quinzeiro;Bragança    Mirandela    Mascarenhas    670    2 807;Gestor de transportes
19888570;Mário Carlos;Castelo Branco    Penamacôr    Vale da Senhora da Póvoa    333    1 939;Carpinteiro
37346116;Valquíria Granja;Braga    Barcelos    Rio Covo (Sta. Eugénia)    1 399     303;Solicitador
30238468;Ademar Cangueiro;Vila Real    Chaves    Anelhe    538    1 249;Polícia
11526825;Luciano Custódio;Coimbra    Soure    Alfarelos    1 566     1 342;Engenheiro industrial
19608734;Augusto Bacelar;Braga    Guimarães    Lordelo    4 641     490;Escritor
28503983;Albano Valverde;Setúbal    Alcácer do Sal    S. Martinho    562    8 386;Designer gráfico
13798891;Evandro Foquiço;Guarda    Vila Nova de Foz Côa    Almendra    457    5 451;Engenheiro informático
93806777;Guida Narvais;Viseu    S. João da Pesqueira    Espinhosa    161    770;Gestor de transportes
85496174;Juca Leça;Aveiro    Sta. Maria da Feira    Fornos    2 810     363;Técnico de manutenção
23475141;Silvano Dourado;Beja    Beja    Beja (Salvador)    5 774     614;Juiz
23857471;Ramom Custódio;Viana do castelo    Ponte de Lima    Bertiandos    392    226;Serralheiro
13949561;Sónia Bentes;Viseu    Viseu    Rio de Loba    8 407     1 574;Tradutor
52602492;Cássio Casqueira;Viseu    Carregal do Sal    Oliveira do Conde    3 313     3 347;Técnico de radiologia
19964734;Renata Leite;Braga    Vieira do Minho Anissó    263    493;Médico
46200735;Noémia Mattos;Lisboa    Sintra    S. João das Lampas    9 665     5 729;Influenciador digital
14342837;Laurinda Guedes;Bragança    Mirandela    Fradizela    300    1 346;Gestor de projetos IT
17977920;Carlos Faustino;Viseu    Penalva do Castelo    Lusinde    247    204;Funcionário público
32123464;Judite Santana;Aveiro    Mealhada    Murtosa    3 140     1 456;Eletricista
11831277;Dúlio Nogueira;Guarda    Mêda    Barreira    246    2 546;Programador / Desenvolvedor de software
13221855;Emanuel Carrilho;Braga    Braga    Real    4 871     132;Solicitador
11629348;Roberta Patrício;Bragança    Bragança    Rio Frio    232    3 440;Fotógrafo
20879941;Lia Damazio;Coimbra    Coimbra    Sta. Clara    9 637     977;Carpinteiro
35730761;Larissa Taborda;Porto    Baião    Valadares    885    810;Engenheiro agrónomo
10015790;Milene Azevedo;Viana do castelo    Viana do Castelo    Amonde    344    604;Administrador de sistemas
68511371;Domingos Santiago;Setúbal    Setúbal    Setúbal (N. S. da Anunciada)    16 092     2 702;Programador / Desenvolvedor de software
10578593;Bráulio Landim;Coimbra    Soure    Vinha da Rainha    1 583     2 127;Diretor de hotel
31537636;Emanuel Moniz;Guarda    Sabugal    Badamalos    99    1 339;Empregado de mesa
28760737;Josué Branco;Setúbal    Palmela    Palmela    16 115     10 448;Polícia
19879598;Edite Amaro;Castelo Branco    Covilhã    Sarzedo    175    1 110;Guarda prisional
64767191;Elisa Lages;Setúbal    Barreiro    Lavradio    13 051     217;Gestor de marketing
17396167;Nazário Simões;Guarda    Almeida    Mesquitela    58    468;Carpinteiro
91489767;Janaína Mattos;Bragança    Miranda do Douro    Ifanes    205    2 851;Psicólogo
56585807;Wilma Borges;Viseu    Viseu    Cavernães    1 471     1 413;Juiz
44687938;Orlanda Amado;Santarem    Santarem    Amiais de Baixo    2 079     630;Soldador
25101913;Melissa Carneiro;Lisboa    Lisboa    S. José    3 279     34;Engenheiro civil
71474452;Albino Pasos;Guarda    Vila Nova de Foz Côa    Sebadelhe    317    780;Cozinheiro / chef
43215950;Aponino Pinho;Lisboa    Odivelas    Olival de Basto    6 246     139;Relações públicas
33635277;Mira Paula;Bragança    Mirandela    Barcel    171    855;Solicitador
41932298;Hilton Pequeno;Açores    Horta    Castelo Branco    1 349     2 433;Tradutor
34919821;Henriqueta Lemes;Vila Real    Montalegre    Cabril    640    7 621;Especialista em marketing digital
18213275;Paulino Delgado;Porto    Vila Nova de Gaia    Gulpilhares    9 707     614;Cientista de dados
17645653;Érica Benevides;Viana do castelo    Viana do Castelo    Perre    3 007     1 300;Bombeiro
89113511;Jerônimo Fernandes;Lisboa    Azambuja    Aveiras de Cima    4 661     2 608;Nutricionista
37578727;Simão Keil do Amaral;Santarem    Alcanena    Espinheiro    652    983;Engenheiro eletrotécnico
26245196;Caetano Brites;Lisboa    Lisboa    Anjos    9 738     48;Dentista
15197334;Plácida Santos;Vila Real    Peso da Régua    Moura Morta    605    361;Formador profissional
21014191;Fábia Cachão;Braga    Guimarães    Abação (S. Tomé)    2 300     467;Advogado
16580540;Lucília Vilanova;Braga    Barcelos    Ucha    1 359     439;Empreendedor
37536579;Isilda Lacerda;Leiria    Porto de Mós    Alvados    558    2 103;Programador / Desenvolvedor de software
39580255;Dinora Cabreira;Braga    Barcelos    Vila Frescaínha (S. Pedro)    1 655     316;Gestor de e-commerce
48124711;Sabina Hilário;Viseu    S. Pedro do Sul    Pinho    983    1 552;Pintor
51940087;Jerônimo Dotel;Aveiro    Oliveira de Azemeis    Ossela    2 538     1 482;Técnico de radiologia
19181226;Edna Barrocas;Castelo Branco    Idanha-a-Nova    Idanha-a-Nova    2 519     22 629;Solicitador
22576201;Iracema Águeda;Santarem    Almeirim    Raposa    591    6 547;Médico
35400186;Elizabeth Leça;Viana do castelo    Ponte de Lima    Friastelas    515    420;Babysitter
12489626;Sidney Araújo;Lisboa    Lisboa    Socorro    2 676     11;Veterinário
19626155;Baltasar Canto;Lisboa    Amadora    Damaia    20 591     141;Motorista
79022429;Deonilde Ávila;Braga    Guimarães    Infantas    1 932     607;Procurador
35015771;Firmina Caminha;Setúbal    Santiago do Cacém    Alvalade    2 315     16 112;Educador de infância
16039442;Nilton Quintana;Santarem    Tomar    Além da Ribeira    885    1 232;Designer gráfico
20496028;Gilberto Trigueiro;Guarda    Sabugal    Moita    173    675;Babysitter
46126338;Delfim Albernaz;Madeira    Calheta (Madeira)    Ponta do Pargo    1 145     2 200;Polícia
19921251;Hildefonso Domingos;Porto    Matosinhos    Leça da Palmeira    17 215     597;Gestor de marketing
13324884;Carol Padilha;Porto    Marco de Canaveses    Sobretâmega    1 124     407;Operador logístico
18863210;Lúcia Monforte;Santarem    Rio Maior    Outeiro da Cortiçada    829    1 453;Engenheiro mecânico
90376719;Clotilde Jácome;Leiria    Alcobaça    Montes    699    609;Influenciador digital
92781051;Egídio Ramallo;Madeira    Calheta (Madeira)    Arco da Calheta    3 241     2 500;Músico
23821400;Belmira Avelar;Vila Real    Chaves    Bobadela    124    545;Analista de dados
30975640;Sidney Sequeira;Braga    Esposende    Apúlia    4 323     1 051;Rececionista de hotel
14741530;Vilma Campelo;Braga    Vila Verde    Carreiras (S. Miguel)    623    185;Videógrafo
50527575;Plácido Rêgo;Bragança    Mirandela    Vila Boa    118    933;Segurança privado
35591794;Anabela Angelim;Viana do castelo    Arcos de Valdevez    Miranda    435    994;Guia turístico
13876114;Wilian Granjeia;Viseu    Resende    Resende    2 873     1 199;Assistente social
29585985;Custódia Prates;Viana do castelo    Viana do Castelo    Deão    971    236;Técnico de análises clínicas
17526487;Melinda Malho;Viseu    Moimenta da Beira    Ariz    164    771;Pescador
28379055;Evandro Paixão;Viseu    Armamar    S. Cosmado    707    1 373;Pedreiro
32211779;Vágner Mendoza;Porto    Vila do Conde    Aveleda    1 479     351;Empreendedor
21681361;Lívia Dias;Madeira    Machico    Porto da Cruz    2 793     2 513;Administrador de sistemas
10695214;Kelly Bicudo;Santarem    Ourém    Fátima    10 302     7 129;Procurador
12215466;Flôr Toledo;Leiria    Pombal    Ilha    1 863     1 620;Especialista em cibersegurança
18465660;Tibúrcio Braz;Lisboa    Vila Franca de Xira    Vila Franca de Xira    18 442     19 325;Tradutor
66111729;Frederico Setúbal;Viseu    S. Pedro do Sul    Manhouce    836    4 053;Operador logístico
80057596;Natividade Ventura;Açores    Lagoa (Açores)    Lagoa (Sta. Cruz)    3 501     1 426;Agricultor
18561383;Ronaldo Lucas;Coimbra    Arganil    Vila Cova de Alva    533    1 279;Gestor de projetos IT
27695337;Florival Furtado;Bragança    Mirandela    Vila Verde    100    987;Médico
89768722;Nélida Temes;Aveiro    Anadia    Óis do Bairro    517    359;Engenheiro químico
13481033;Benedita Olivera;Leiria    Porto de Mós    Pedreiras    2 655     1 128;Pedreiro
19328435;Elói Júdice;Évora    Alandroal    Capelins (Santo António)    673    8 657;Auditor
58376146;Tabita Bulhosa;Vila Real    Ribeira de Pena    Limões    393    1 718;DevOps engineer
85794541;Talita Loio;Porto    Amarante    Jazente    660    417;Carpinteiro
73711803;Melissa Eanes;Évora    Borba    Rio de Moinhos    2 271     5 292;Engenheiro civil
15512659;Rita Holanda;Vila Real    Valpaços    Alvarelhos    172    1 283;Operador de máquinas
86098623;Júlia Inácio;Viana do castelo    Monção    Cambeses    484    417;Motorista
11397822;Aldino Mexia;Viana do castelo    Arcos de Valdevez    Ermelo    142    1 266;Auxiliar de ação direta
47337208;Cassilda Quesado;Porto    Vila Nova de Gaia    Canelas    12 303     747;Programador / Desenvolvedor de software
47528622;Diana Mendoza;Coimbra    Figueira da Foz    Quiaios    3 118     4 954;Professor
16211382;Tito Bezerra;Beja    Odemira    S. Teotónio    5 019     30 310;Nutricionista
36366578;Dejanira Bastos;Coimbra    Condeixa-a-Nova    Furadouro    223    1 368;Especialista em inteligência artificial
20902151;Paulo Orriça;Braga    Vila Verde    Coucieiro    511    421;Empreendedor
14671411;Felicidade Leal;Castelo Branco    Castelo Branco    Lousa    752    3 572;Rececionista de hotel
13451833;Maurício Leão;Guarda    Sabugal    Rebolosa    205    1 112;Técnico ambiental
55949508;Alba Pasos;Aveiro    Mealhada    Torreira    2 495     3 209;Gestor de e-commerce
13098912;Hermes Neiva;Beja    Odemira    Odemira (S. Salvador)    3 285     16 440;Empreendedor
59364808;Virgolino Quintela;Bragança    Macedo de Cavaleiros    Castelãos    395    1 310;Serralheiro
14321547;Rudolfo Vargas;Beja    Castro Verde    Casével    365    3 334;Animador turístico
11243904;Apolinário Luz;Aveiro    Sever do Vouga    Pessegueiro do Vouga    1 906     1 601;Técnico de análises clínicas
33214927;Tânia Morgado;Lisboa    Cadaval    Peral    953    1 639;Assistente social
26176594;Milene Anjos;Viana do castelo    Ponte de Lima    Boalhosa    215    214;Agricultor
26023618;Íris Passos;Castelo Branco    Castelo Branco    Sobral do Campo    516    3 129;Freelancer
79424030;Lúcia Vergueiro;Braga    Vila Verde    Rio Mau    738    372;Freelancer
71442034;Hirondina Pasos;Porto    Amarante    Várzea    563    539;Babysitter
46528057;Máximo Ramírez;Leiria    Caldas da Rainha    Serra do Bouro    720    1 798;Biólogo
26542140;Cristiano Mascareñas;Coimbra    Tábua    Ázere    799    1 195;Babysitter
73466042;Luciano Cabral;Viana do castelo    Viana do Castelo    Viana do Castelo (Sta Maria Maior)    9 940     232;Educador de infância
38201612;Linda Lagos;Porto    Penafiel    Guilhufe    2 621     445;Administrador de sistemas
39614223;Nídia Bouça;Viana do castelo    Paredes de Coura    Paredes de Coura    1 495     309;Especialista em cibersegurança
30334198;Isolina Quintanilla;Vila Real    Alijó    Vila Chã    579    1 965;Engenheiro mecânico
12143451;Rodolfo Martínez;Vila Real    Montalegre    Padroso    119    903;Gestor
21668379;Mauro Quintero;Lisboa    Sintra    Algueirão-Mem Martins    63 546     1 637;Canalizador
25777655;Ferdinando Capistrano;Castelo Branco    Fundão    Telhado    619    1 752;Notário
29151456;Cristiana Felipe;Santarem    Torres Novas    Torres Novas (Sta Maria)    4 389     2 192;Auxiliar de ação direta
33296252;Nádia Seixas;Viseu    Oliveira de Frades    S. Vicente de Lafões    793    778;Designer gráfico
15903247;Waldemar Cardoso;Vila Real    Chaves    Ervededo    740    2 053;Notário
47561391;Melissa Negromonte;Braga    Vila Nova de Famalicão    Vale (S. Cosme)    3 054     631;Auditor
45040514;Barnabé Porto;Viana do castelo    Melgaço    S. Paio    639    991;Animador turístico
62725445;Judith Reis;Bragança    Bragança    Serapicos    289    2 834;Pescador
32135646;Cleide Pais;Porto    Vila do Conde    Touges    788    358;Comercial / vendedor
11779572;Cleusa Madeira;Bragança    Moncorvo    Mós    309    5 869;Educador social
81607504;Virgolino Bouças;Santarem    Ourém    Gondemaria    1 280     779;Farmacêutico
42610824;Ermelinda Jesus;Setúbal    Grândola    Sta. Margarida da Serra    243    5 238;Técnico de radiologia
19477357;Estevão Mendoça;Lisboa    Torres Vedras    Matacães    1 222     1 334;Consultor financeiro
51084492;Marco Graça;Santarem    Abrantes    Rossio ao Sul do Tejo    2 227     661;Farmacêutico
18583326;Ivete Lagoa;Viseu    Sta. Comba Dão    Treixedo    1 104     1 320;Especialista em cibersegurança
54547275;Veloso Milheiro;Braga    Amares    Paredes Secas    156    189;Músico
26393312;Jussara Castelo Branco;Braga    Braga    Trandeiras    703    85;Dentista
19069892;Edmundo Quintais;Porto    Baião    Tresouras    520    483;Especialista em inteligência artificial
17641207;Cleusa Orriça;Guarda    Aguiar da Beira    Dornelas    769    1 396;Barman
71147447;Leila Martínez;Coimbra    Figueira da Foz    Maiorca    3 006     2 699;Cientista de dados
13183781;Duarte Caeiro;Lisboa    Mafra    Igreja Nova    2 280     2 562;Personal trainer
36438351;Cloe Moutinho;Viseu    Castro Daire    Ermida    297    893;Ator
59806568;Nivaldo Prudente;Braga    Guimarães    Sande (Vila Nova)    1 848     296;Engenheiro civil
26600602;Graça Feitosa;Braga    Guimarães    Conde    1 437     155;Especialista em inteligência artificial
29632198;Theo Neiva;Lisboa    Oeiras    Oeiras e S. Julião da Barra    34 850     227;Professor
10606802;Brígida Reis;Lisboa    Lisboa    Charneca    10 509     170;Polícia
42102178;Glena Pastana;Castelo Branco    Sertã    Marmeleiro    304    2 970;Administrador de sistemas
29324986;Pelágio Baldaia;Braga    Braga    Mire de Tibães    2 389     507;Empreendedor
16822232;Assunção Braga;Coimbra    Oliveira do Hospital    Lajeosa    610    500;Freelancer
15168024;Ivete Coito;Guarda    Pinhel    Lameiras    396    1 677;Cuidador de idosos
75607508;Octávia Aguiar;Setúbal    Moita    Baixa da Banheira    23 711     240;Cientista de dados
97062186;Leandro Poças;Aveiro    Arouca    Albergaria da Serra    140    1 472;Especialista em cibersegurança
11757674;Nelma Varella;Guarda    Celorico da Beira    Carrapichana    269    596;Web designer
78897580;Florbela Covelhã;Guarda    Figueira de Castelo Rodrigo    Almofala    250    2 986;Personal trainer
43581657;Mariana Macedo;Castelo Branco    Castelo Branco    Mata    590    2 397;Carpinteiro
52973718;Ercília Marins;Aveiro    Sta. Maria da Feira    Milheirós de Poiares    3 859     893;Empreendedor
30536371;Tomé Infante;Guarda    Mêda    Ranhados    335    2 546;Barman
28367474;Obede Pontes;Viana do castelo    Monção    Mazedo    1 428     735;Personal trainer
18067553;Isaías Bulhões;Aveiro    Arouca    Burgo    2 067     538;Bombeiro
21847177;Dário Amarante;Viseu    Tabuaço    Granja do Tedo    227    467;Programador / Desenvolvedor de software
47390989;Sabina Outeiro;Madeira    Câmara de Lobos    Jardim da Serra    3 707     710;Escritor
39014444;Ramiro Belém;Aveiro    Águeda    Travassô    1 727     816;Técnico de recursos humanos
83322048;Hércules Rabelo;Braga    Vila Nova de Famalicão    Delães    3 761     230;Analista de investimentos
26937086;Violeta Reis;Leiria    Leiria    Boa Vista    1 926     899;Psicólogo
17029960;Esmeralda Torrado;Faro    Lagoa (Algarve)    Parchal    3 378     395;Agricultor
29260484;Olga Sabala;Viseu    Tabuaço    Granja do Tedo    227    467;Engenheiro informático
17383126;Kirina Marins;Vila Real    Montalegre    Contim    100    1 125;Fotógrafo
94587789;Wilson Domingues;Bragança    Moncorvo    Maçores    223    1 601;Animador turístico
19885583;Baltasar Sousa do Prado;Vila Real    Chaves    Redondelo    600    1 848;Cuidador de idosos
77678901;Hipólito Gomide;Viana do castelo    Arcos de Valdevez    Tabaçô    351    90;Motorista
61779790;Samanta Bandeira;Viana do castelo    Arcos de Valdevez    Cabreiro    574    4 040;Guarda prisional
19123151;Ercília Salgueiro;Açores    Ribeira Grande    Ribeira Grande (Conceição)    1 797     1 274;Fotógrafo
27993045;Paulina Boga;Porto    Vila do Conde    Guilhabreu    2 386     708;Motorista
34334775;Laurentina Anlicoara;Guarda    Seia    Torrozelo    528    497;Agricultor
42778203;Ediberto Álvaro;Santarem    Torres Novas    Meia Via    (*)     (*);Engenheiro industrial
44203153;Saúl Toscano;Porto    Valongo    Sobrado    6 682     1 940;Auditor
73797433;Ermínio Lustosa;Guarda    Mêda    Outeiro de Gatos    406    1 297;Pescador
24777389;Nídia Varella;Bragança    Macedo de Cavaleiros    Talhas    417    4 360;Bombeiro
16480380;Leocádio Macena;Porto    Paredes    Bitarães    2 536     352;Motorista
14817965;Natividade Grande;Viana do castelo    Ponte da Barca    Entre Ambos-os-Rios    542    1 478;Analista de dados
29713057;Raul Sales;Vila Real    Sta. Marta de Penaguião    Fontes    1 087     1 642;Juiz
21382201;Ania Queiroga;Bragança    Vimioso    Santulhão    508    4 753;Engenheiro químico
71271355;Eliana Canadas;Viseu    Armamar    Sta. Cruz    231    697;Guia turístico
83038060;Heitor Penteado;Lisboa    Lisboa    Campo Grande    11 148     244;Barman
12136375;Dorisse Villena;Lisboa    Alenquer    Pereiro de Palhacana    591    912;Analista de dados
83755696;Consuela Guedelha;Coimbra    Soure    Alfarelos    1 566     1 342;Gestor
37142123;Miriam Salazar;Braga    Barcelos    Faria    583    301;Agricultor
10436019;Adalberto Torrado;Guarda    Mêda    Aveloso    287    753;Maquinista
39620196;Arnaldo Filipe;Porto    Amarante    Vila Chão do Marão    1 078     661;Empreendedor
24358056;Mariete Lousado;Leiria    Peniche    Ferrel    2 356     1 387;Engenheiro industrial
25831443;Georgina Zagallo;Coimbra    Coimbra    Botão    1 683     1 652;Gestor de transportes
14665567;Marcos Iglesias;Castelo Branco    Covilhã    Vale Formoso    640    1 149;Administrador de sistemas
92759737;Lissa Peralta;Bragança    Vinhais    Pinheiro Novo    127    3 292;Assistente dentário
93891779;Violante Vidal;Aveiro    Vagos    Sta. Catarina    1 073     684;Programador / Desenvolvedor de software
13722424;Angélica Belchiorinho;Beja    Mértola    Espírito Santo    437    13 398;Escritor
26267101;Leonardo Castelo;Vila Real    Boticas    Dornelas    413    3 664;Operador de máquinas
11305096;Marília Afonso;Santarem    Santarem    Santarém (Marvila)    9 584     1 423;Procurador
61658636;Lauro Barateiro;Guarda    Seia    Teixeira    233    1 288;Cabeleireiro
40658253;Neusa Gois;Braga    Barcelos    Lijó    2 191     543;Pintor
75972654;Elza Nascimento;Lisboa    Cadaval    Alguber    1 011     1 919;Formador profissional
57712756;Amândio Campos;Viseu    Oliveira de Frades    Destriz    397    1 286;Estafeta
42760039;Clotilde Sequeira;Vila Real    Peso da Régua    Vilarinho dos Freires    1 013     832;Analista de investimentos
17507480;Eurico Dias;Porto    Felgueiras    Idães    2 505     725;Rececionista de hotel
21056295;Xavier Batata;Viseu    Mortágua    Pala    1 042     4 910;DevOps engineer
74255931;Flôr Robalinho;Viseu    Tabuaço    Pereiro    156    485;Formador profissional
16218575;Getúlio Franco;Porto    Póvoa de Varzim    Aguçadoura    4 530     347;Técnico de análises clínicas
63731809;Pamela Carrasco;Porto    Paredes    Astromil    784    139;Especialista em marketing digital
16325881;Félix Canadas;Viseu    Oliveira de Frades    S. Vicente de Lafões    793    778;Veterinário
25350540;Jessé Meira;Guarda    Almeida    Almeida    1 491     5 234;Cientista de dados
28871313;Keila Sousa do Prado;Bragança    Alfândega da Fé    Gouveia    149    1 769;Explicador / tutor
55949523;Cesário Berenguer;Porto    Maia    S. Pedro Fins    1 838     523;DevOps engineer
37537617;Adalgisa Caetano;Braga    Esposende    Mar    1 381     254;Cabeleireiro
89457167;Georgina Araújo;Vila Real    Valpaços    Lebução    600    1 449;Investigador
96652047;Félix Pádua;Braga    Celorico de Basto    Arnóia    1 919     2 193;Biólogo
11701213;Ado Moreno;Viseu    Mangualde    Alcafache    1 029     1 294;Consultor financeiro
76502794;Máxima Rodríguez;Guarda    Pinhel    Vale de Madeira    146    1 753;Pedreiro
58734912;Delores Tabosa;Faro    Tavira    Tavira (Santiago)    5 904     2 570;Piloto
41087923;Pamela Outeiro;Santarem    Torres Novas    Chancelaria    1 861     3 531;Técnico administrativo
43152237;Lis Bulhão;Vila Real    Alijó    Vale de Mendiz    311    548;Cuidador de idosos
14804739;Golias Tomé;Leiria    Caldas da Rainha    Caldas da Rainha (N. S. do Pópulo)    14 451     1 210;Psicólogo
71449198;Lita Fitas;Porto    Vila do Conde    Canidelo    941    375;Engenheiro informático
14965591;Yuri Albernaz;Viana do castelo    Ponte de Lima    Calvelo    744    485;Notário
33350055;Manuelina Esteves;Açores    Ribeira Grande    Ribeira Seca    2 550     1 251;Educador social
58948497;Máxima Lemos;Santarem    Cartaxo        Vale da Pinta    1 438     917;Militar
33763385;Tadeu Amaro;Castelo Branco    Penamacôr    Salvador    589    1 021;Educador de infância
12862188;Orfeu Lameira;Porto    Gondomar    Meinedo    4 278     843;Cabeleireiro
98963425;Pascoal Custódio;Coimbra    Arganil    Secarias    451    695;Piloto
64626655;Valério Malho;Coimbra    Montemor-o-Velho    Gatões    541    576;Músico
26258558;Ester Quintas;Guarda    Celorico da Beira    Celorico (Sta. Maria)    1 171     1 595;Músico
38070364;Sebastião Rezende;Porto    Amarante    Louredo    655    323;Analista de dados
18689359;Guida Aranha;Viana do castelo    Arcos de Valdevez    Eiras    320    361;Barman
48305716;Juliana Varão;Leiria    Leiria    Bidoeira de Cima    2 073     1 554;Operador de máquinas
10401518;Malvina Lira;Castelo Branco    Oleiros    Cambas    349    4 735;Pedreiro
23893143;Léia Pedro;Guarda    Mêda    Vale Flor    227    1 676;Técnico de manutenção
38344325;Maísa Nunes;Bragança    Moncorvo    Felgar    1 100     3 623;Empreendedor
38467605;Samuel Prado;Açores    Ponta Delgada    Sete Cidades    858    1 922;Empreendedor
29738241;Leila Boaventura;Viseu    Viseu    Cepões    1 368     2 750;Animador turístico
13980247;Ermínia Paranhos;Porto    Póvoa de Varzim    Aguçadoura    4 530     347;Notário
18158147;Esdras Caeira;Viana do castelo    Arcos de Valdevez    Mei    142    200;Segurança privado
34087029;Dione Igrejas;Porto    Baião    Loivos do Monte    395    981;Gestor de e-commerce
15405665;Alexandre Lobato;Viana do castelo    Viana do Castelo    Montaria    665    2 609;Pedreiro
17344184;Aida Bento;Coimbra    Coimbra    Sta. Clara    9 637     977;Carpinteiro
12936634;Venâncio Pádua;Guarda    Celorico da Beira    Salgueirais    156    900;Empregado de mesa
12099516;Bonifácio Vigário;Bragança    Moncorvo    Carviçais    882    6 419;Escritor
23973491;Avelino Filgueiras;Porto    Vila do Conde    Macieira da Maia    1 898     526;Assistente social
98304740;Faustina Lages;Vila Real    Chaves    Sta. Leocádia    419    1 325;Pedreiro
48540787;Abel Quinteiro;Vila Real    Chaves    Águas Frias    897    2 896;Técnico de recursos humanos
58160453;Ernane Bacelar;Braga    Braga    Panoias    1 630     115;Barman
79139369;Naomi Canadas;Bragança    Macedo de Cavaleiros    Grijó    471    817;Assistente social
88451918;Querubim Furtado;Porto    Vila Nova de Gaia    S. Pedro da Afurada    3 442     100;Médico
17571372;Tâmara Barata;Leiria    Alcobaça    Vestiaria    1 262     631;Gestor de marketing
12131340;Marisela Parafita;Porto    Lousada    Figueiras    1 242     286;Empreendedor
66901175;Élio Fortunato;Guarda    Trancoso    Aldeia Nova    394    2 560;Engenheiro informático
10385583;Angelina Távora;Vila Real    Valpaços    Serapicos    325    1 161;Gestor de marketing
15355251;Iara Resende;Coimbra    Cantanhede    Pocariça    1 163     1 229;Programador / Desenvolvedor de software
13972449;Cesário Figueiroa;Viseu    Penalva do Castelo    Real    294    479;Agricultor
26505643;Júlia Dinis;Braga    Guimarães    Gandarela    1 163     262;Engenheiro mecânico
13269267;Diná Bulhosa;Viseu    Mangualde    Cunha Baixa    1 133     1 562;Gestor de projetos IT
64154295;Leonardo Rocha;Açores    S. Roque do Pico    Sta. Luzia    472    3 069;Engenheiro mecânico
22342222;Fátima Padilla;Coimbra    Vila Nova de Poiares    Poiares (Santo André)    3 728     2 780;Técnico administrativo
39495295;Mariana Valente;Porto    Marco de Canaveses    Fornos    3 303     247;Procurador
76947209;Adosinda Guedes;Aveiro    Albergaria-a-Velha    Angeja    2 320     2 108;Médico
58935294;Laura Gois;Braga    Braga    Braga (Sé)    3 587     33;Funcionário público
25782202;Alfredo Castel-Branco;Vila Real    Boticas    Alturas do Barroso    444    3 268;Maquinista
15615694;Constantino Neiva;Braga    Terras de Bouro Balança    393    445;Ator
42961520;Linda Pastana;Bragança    Vila Flor    Freixiel    821    3 318;Advogado
95125968;Amaro Colares;Braga    Vila Verde    Turiz    1 385     300;Formador profissional
42397669;Glória Ourique;Castelo Branco    Covilhã    Teixoso    4 415     3 431;Gestor de marketing
40490483;Herodes Maranhão;Santarem    Torres Novas    Alcorochel    880    854;Nutricionista
87904137;Nélson Maior;Viseu    Cinfães    Ramires    138    1 137;Músico
55447559;Tâmara Maia;Faro    Tavira    Cachopo    1 024     19 756;Influenciador digital
74937091;Carmo Feijó;Guarda    Trancoso    Cogula    228    437;Eletricista
75856734;Liliana Café;Guarda    Figueira de Castelo Rodrigo    Escalhão    931    7 843;Pintor
43568885;Larissa Foquiço;Braga    Vizela    S. João das Caldas    3 719     292;Engenheiro civil
13723428;Dinarte Neres;Santarem    Alcanena    Espinheiro    652    983;Relações públicas
23842916;Sofia Temes;Leiria    Alcobaça    Alfeizerão    3 849     2 781;Carpinteiro
14866916;Cláudio Canejo;Bragança    Macedo de Cavaleiros    Vilarinho de Agrochão    269    1 384;Barman
16647735;Odete Perdigão;Vila Real    Peso da Régua    Godim    4 951     418;Nutricionista
19048725;Solange Mora;Évora    Estremoz    S. Bento do Ameixial    390    4 199;Tradutor
12585380;Geraldina Torres;Coimbra    Condeixa-a-Nova    Anobra    1 357     1 282;Ator
49762993;Hildefonso Caeiro;Porto    Baião    Loivos da Ribeira    562    261;Canalizador
15091115;Máxima Sotomayor;Braga    Barcelos    Tamel (S. Veríssimo)    3 115     380;Juiz
29810320;Jocosa Veleda;Açores    Ponta Delgada    Sta. Bárbara    880    871;Engenheiro agrónomo
77772601;Valentino Mont'Alverne;Lisboa    Arruda dos Vinhos    Arruda dos Vinhos    5 835     3 424;Ator
70255201;Idalina Marreiro;Porto    Lousada    Silvares    2 798     575;Gestor de produto
54735916;Samuel Castanho;Coimbra    Oliveira do Hospital    Avô    633    771;Operador de máquinas
27667803;Nestor Casqueira;Porto    Penafiel    Vila Cova    763    640;Economista
13654693;Octávio Lima;Porto    Amarante    Vila Caiz    3 398     900;Barman
19835190;Anita Barcelos;Bragança    Mogadouro    Vilarinho dos Galegos    251    2 436;Programador / Desenvolvedor de software
65730292;Djalma Batata;Açores    Horta    Praia do Almoxarife    746    1 004;Eletricista
22668601;Olavo Menna;Bragança    Bragança    Zoio    203    2 518;Economista
18457772;Batista Vergueiro;Braga    Barcelos    Abade de Neiva    1 869     696;Especialista em marketing digital
19073018;Vitorino Lira;Castelo Branco    Castelo Branco    Malpica do Tejo    758    24 610;Técnico de radiologia
31111266;Arlindo Domingues;Santarem    Tomar    Beselga    880    1 373;Investigador
50451914;Edmar Gago;Viseu    Penedono    Castainço    182    1 400;Especialista em inteligência artificial
11514902;Ivone Betancour;Guarda    Figueira de Castelo Rodrigo    Castelo Rodrigo    469    2 752;Jornalista
56502341;Lara Escobar;Faro    Loulé    Boliqueime    4 473     4 146;Enfermeiro
88907893;Adriana Vaz;Évora    Vila Viçosa    Vila Viçosa (S. Bartolomeu)    1 078     21;Notário
14697176;Nadir Madruga;Viseu    Mangualde    Alcafache    1 029     1 294;Especialista em cibersegurança
67891021;Paulina Brito;Lisboa    Lisboa    S. Francisco Xavier    8 100     210;Advogado
69355857;Alfeu Boga;Bragança    Macedo de Cavaleiros    Macedo de Cavaleiros    6 087     1 534;Nutricionista
20726331;Gilda Carreiro;Açores    Ribeira Grande    Maia    1 901     2 197;Biólogo
10308229;Narciso Casado;Guarda    Gouveia    Vinhó    624    671;Assistente dentário
17109294;Beatriz Lousada;Bragança    Macedo de Cavaleiros    Lombo    379    1 445;Educador social
32270677;Edite Terra;Lisboa    Lisboa    Anjos    9 738     48;Cuidador de idosos
97172600;Elen Dourado;Viana do castelo    Viana do Castelo    Viana do Castelo (Sta Maria Maior)    9 940     232;Gestor
12879128;Janaína Brião;Évora    Évora    S. Vicente do Pigeiro    436    8 477;Militar
81124854;Cícero Quintela;Beja    Vidigueira    Selmes    1 009     13 698;Farmacêutico
38856823;Cloe Guedes;Évora    Alandroal    S.Brás dos Matos (Mina do Bugalho)    412    7 266;Engenheiro agrónomo
66529984;Calisto Canto;Leiria    Leiria    Sta. Eufémia    2 420     1 002;Videógrafo
34383953;Marta Fiães;Faro    Aljezur    Vaqueiros    693    14 563;Operador de máquinas
11453774;Rodolfo Penha;Guarda    Guarda    Avelãs de Ambom    91    691;Formador profissional
49782120;Jorge Filgueiras;Viseu    S. Pedro do Sul    Sul    1 409     4 748;Gestor de produto
21653292;Nancy Queiroga;Aveiro    Sever do Vouga    Dornelas    662    768;Educador social
19800456;Belmira Guerreiro;Aveiro    Oliveira de Azemeis    S. Roque    5 480     715;Barman
12519941;Nabal Beltrão;Viana do castelo    Ponte de Lima    Calvelo    744    485;Cabeleireiro
24341286;Calebe Carvalheira;Vila Real    Alijó    Pinhão    829    300;Programador / Desenvolvedor de software
55037590;Elen Camargo;Lisboa    Vila Franca de Xira    Alverca do Ribatejo    29 086     1 789;Educador social
46800571;Altino Sesimbra;Vila Real    Chaves    Nogueira da Montanha    693    1 692;Pedreiro
13367162;Vitória Rangel;Viana do castelo    Ponte de Lima    Ribeira    1 841     991;Operador logístico
54963951;Belarmina Inês;Braga    Vila Nova de Famalicão    Lemanhe    1 427     267;Técnico de análises clínicas
93701141;Ermengarda Veiga;Viseu    S. Pedro do Sul    Pinho    983    1 552;Explicador / tutor
29491796;Ramiro Damascena;Aveiro    Águeda    Aguada de Baixo    1 699     388;Educador de infância
26398649;Carmen Madruga;Viana do castelo    Melgaço    Roussas    1 139     946;Motorista
20484236;Núria Jorge;Santarem    Cartaxo        Lapa    1 205     628;Engenheiro industrial
23970724;Maximiliano Varanda;Viana do castelo    Arcos de Valdevez    Tabaçô    351    90;Cuidador de idosos
26524216;Edson Cavalheiro;Vila Real    Montalegre    Pondras    193    1 112;Professor
19110752;Filipa Motta;Bragança    Macedo de Cavaleiros    Bornes    420    1 875;Comercial / vendedor
53374222;Silvano Medina;Coimbra    Cantanhede    Camarneira    870    847;Esteticista
25498602;Dorisse Neres;Viseu    Mangualde    Moimenta de Maceira Dão    664    639;Técnico de recursos humanos
96533944;Ifigénia Pena;Braga    Fafe    Vila Cova    252    583;Programador / Desenvolvedor de software
93388582;Marco Meira;Évora    Évora    S. Bento do Mato    1 343     6 655;Freelancer
44304729;Lia Calçada;Guarda    Sabugal    Vila Boa    330    1 073;Psicólogo
85961478;Sidónio Robalo;Évora    Évora    Malagueira    13 123     1 778;Pintor
14361906;Natércia Malafaia;Beja    Serpa    Serpa (Salvador)    4 379     28 882;Agricultor
48128873;Bruna Dinis;Guarda    Guarda    Gonçalo Bocas    217    686;Gestor de e-commerce
18109466;Ofélia Fontes;Viana do castelo    Ponte da Barca    Vila Chã (S. João Baptista)    601    1 011;Administrador de sistemas
36434979;Vicente Garrau;Viseu    Vila Nova de Paiva    Touro    1 247     4 775;Auxiliar de ação direta
15162488;Vilma Melo;Porto    Penafiel    Paço de Sousa    3 998     835;Explicador / tutor
23920973;Neusa Britto;Açores    Ribeira Grande    Lomba da Maia    1 174     2 047;Cuidador de idosos
45999696;Lívia Aveiro;Leiria    Caldas da Rainha    S. Gregório    907    1 442;Empregado de mesa
28946806;Jasmim Casalinho;Porto    Maia    Gemunde    4 765     537;Rececionista de hotel
16135042;Gilda Sequeira;Porto    Amarante    Gatão    1 564     542;Advogado
37415491;Alva Nóbrega;Lisboa    Lourinhã    Moita dos Ferreiros    1 740     2 475;Ator
72543369;Rodolfo Chaves;Braga    Guimarães    Candoso (S. Martinho)    1 601     310;Designer gráfico
50451176;Hebe Marino;Guarda    Trancoso    Moimentinha    233    653;Procurador
15874544;Edgar Gabeira;Viseu    Mortágua    Cercosa    357    890;Psicólogo
77439083;Erico Cortês;Vila Real    Vila Real    Adoufe    2 067     1 594;Educador social
36955692;Olímpia Alcântara;Viseu    Armamar    Queimadela    331    227;Militar
38985770;Anastácio Pêssego;Vila Real    Valpaços    Santiago da Ribeira de Alhariz    835    1 809;Empregado de mesa
51696809;Capitolina Granja;Aveiro    Ovar    Ovar    17 185     4 898;Gestor de e-commerce
77843997;Alexandrina Pinho;Braga    Vieira do Minho Rossas    2 071     3 239;Empregado de mesa
41794913;Inácio Corvelo;Braga    Vila Verde    Barbudo    1 848     482;Barman
19259894;Maitê Urias;Coimbra    Pampilhosa da Serra    Pessegueiro    218    3 191;Guarda prisional
45521026;Agostinho Salguero;Porto    Marco de Canaveses    Fornos    3 303     247;Engenheiro eletrotécnico
11046375;Ricarda Gil;Viana do castelo    Vila Nova de Cerveira    Sopo    576    1 391;Comercial / vendedor
18703146;Dana Cabral;Viseu    Sernancelhe    Pinheiros    199    821;Engenheiro mecânico
65011607;Benjamim Zagallo;Braga    Guimarães    Sande (Vila Nova)    1 848     296;Freelancer
98148938;Altino Boga;Coimbra    Penacova    Sazes do Lorvão    814    1 783;Músico
70401213;Tomé Galante;Bragança    Macedo de Cavaleiros    Carrapatas    225    670;Nutricionista
72560836;Geraldino Peres;Leiria    Leiria    Sta. Catarina da Serra    3 962     3 980;Bombeiro
87165369;Yuri Naves;Aveiro    Albergaria-a-Velha    Alquerubim    2 390     1 544;Personal trainer
25215927;Vitória Telles;Porto    Valongo    Alfena    13 665     1 283;Educador de infância
81786547;Gideão Banha;Porto    Vila Nova de Gaia    S. Pedro da Afurada    3 442     100;Especialista em marketing digital
51595801;Altair Amaral;Évora    Mora    Cabeção    1 259     4 744;Gestor de e-commerce
10140348;Valério Simões;Santarem    Santarem    Casével    1 034     3 324;Gestor de projetos IT
21394257;Martinho Gaspar;Bragança    Mirandela    Freixeda    115    1 145;Estafeta
20365827;Licínio Almada;Castelo Branco    Proença-a-Nova    Proença-a-Nova    4 675     15 367;Canalizador
58450250;Ademir Vila-Chã;Bragança    Carrazeda de Ansiães    Amedo    340    1 386;Designer gráfico
48664884;Helena Salgueiro;Bragança    Alfândega da Fé    Pombal    127    609;Procurador
12633432;Leticia Sales;Santarem    Alcanena    Alcanena    4 339     1 031;Técnico de radiologia
18367770;Violeta Ourique;Viseu    Viseu    Calde    1 647     3 836;Engenheiro mecânico
47563750;Eustácia Sousa do Prado;Guarda    Vila Nova de Foz Côa    Freixo de Numão    652    2 742;Maquinista
25683124;Adélia Albernaz;Viana do castelo    Paredes de Coura    Parada    323    407;Videógrafo
17102119;Serafim Rosa;Viseu    Viseu    Viseu (Sta. Maria de Viseu)    7 130     357;Engenheiro industrial
15717334;Edmundo Sousa de Arronches;Castelo Branco    Covilhã    Vales do Rio    839    486;Empreendedor
20112188;Marco Pestana;Viseu    Resende    Feirão    131    470;Estafeta
12443744;Cecília Igrejas;Guarda    Guarda    Videmonte    552    4 957;Contabilista
37960677;Reinaldo Marmou;Setúbal    Montijo    Palmela    16 115     10 448;Operador logístico
21652207;Bryan Santos;Bragança    Mogadouro    Brunhozinho    138    1 574;Fisioterapeuta
19813093;Estefânia Cascais;Viana do castelo    Monção    Segude    389    256;Guia turístico
12293913;Cristóvão Caeira;Coimbra    Miranda do Corvo    Semide    3 001     2 600;Empregado de mesa
17734111;Carol Rebocho;Castelo Branco    Sertã    Troviscal    1 134     5 406;Gestor
12935674;Querubim Vidigal;Viseu    Viseu    Couto de Cima    886    1 302;Médico
90373753;Nuno Alancastre;Guarda    Pinhel    Safurdão    154    972;Web designer
17253741;Salvador Sardinha;Lisboa    Odivelas    Caneças    10 647     585;Pescador
37347151;Xênia Ramires;Viana do castelo    Paredes de Coura    Mozelos    346    320;Especialista em cibersegurança
61950929;Anastácio Beça;Bragança    Moncorvo    Horta da Vilariça    396    1 458;Assistente dentário
88124537;Gilberta Henriques;Braga    Fafe    Serafão    1 195     697;Administrador de sistemas
94605745;Melanie Maranhão;Viseu    Vila Nova de Paiva    Vila Nova de Paiva    1 411     830;Esteticista
35264910;Natividade Castelo Branco;Vila Real    Mesão Frio    Mesão Frio (Sta. Cristina)    821    641;Engenheiro informático
26888198;Regina Regueira;Aveiro    Murtosa    Bunheiro    2 707     2 460;Solicitador
41155094;Natália Cipriano;Guarda    Figueira de Castelo Rodrigo    Figueira de Castelo Rodrigo    2 253     3 405;Comercial / vendedor
99403467;Katia Sousa do Prado;Lisboa    Mafra    Igreja Nova    2 280     2 562;Cuidador de idosos
29073788;Abraão Coito;Aveiro    Vagos    Santo André de Vagos    2 051     1 244;Consultor financeiro
15433063;Estela Hollanda;Viseu    Penalva do Castelo    Pindo    2 245     1 682;Técnico de análises clínicas
30792019;Marisol Olaio;Setúbal    Seixal    Corroios    46 475     1 692;Investigador
18799895;Sofia Valladares;Viseu    Cinfães    Gralheira    205    1 058;Técnico de análises clínicas
19850336;Vilela Rezende;Viseu    Lamego    Avões    693    462;Especialista em inteligência artificial
58059014;Domingos Inácio;Braga    Vila Nova de Famalicão    Gondifelos    2 183     853;Gestor
15372149;Leocádia Varela;Santarem    Alcanena    Bugalhos    1 172     1 639;Videógrafo
94335456;Valentim Osório;Beja    Serpa    Aldeia Nova de S. Bento    3 430     24 169;Engenheiro químico
69412929;Horácio Valim;Coimbra    Figueira da Foz    S. Pedro    2 705     583;Influenciador digital
30373364;Selma Ulhoa;Bragança    Mirandela    Bouça    356    1 357;Auxiliar de ação direta
14743092;Helga Morão;Beja    Almodôvar    Gomes Aires    483    6 618;Engenheiro químico
18794913;Eva Escobar;Santarem    Ourém    Olival    2 159     2 111;Engenheiro agrónomo
58208870;Ivete Diniz;Beja    Vidigueira    Pedrógão    1 214     12 402;Pescador
16214271;Clotilde Chamusca;Viana do castelo    Ponte de Lima    Estorãos    513    1 710;Engenheiro mecânico
34621833;Ermelinda Custódio;Braga    Celorico de Basto    Veade    707    611;Cuidador de idosos
48814920;Evelise Janes;Viseu    S. João da Pesqueira    Vilarouco    427    2 685;Professor
54473186;Mariete Sesimbra;Santarem    Ferreira do Zêzere    Dornes    714    1 900;Pedreiro
23318760;Vidigal Muniz;Coimbra    Tábua    Candosa    818    1 168;Rececionista de hotel
10857037;Tabita Secadura;Vila Real    Montalegre    Contim    100    1 125;Técnico de manutenção
26858280;Salvador Lopes;Leiria    Caldas da Rainha    Caldas da Rainha (Santo Onofre)    10 775     911;Carpinteiro
10670642;Milton Álvaro;Leiria    Castanheira de Pera    Castanheira de Pera    3 579     5 005;Gestor de e-commerce
44352454;Bernardete Sacramento;Viana do castelo    Caminha    Vile    328    315;Técnico ambiental
42657305;Erasmo Barata;Castelo Branco    Penamacôr    Penamacor    1 735     37 333;Gestor de produto
43734491;Verónica Goulart;Porto    Santo Tirso    Refojos de Riba de Ave    1 106     554;Auxiliar de ação direta
72466520;Vanda Rufino;Lisboa    Lisboa    Benfica    41 368     794;Nutricionista
23314644;Déia Mourinho;Viana do castelo    Ponte de Lima    Moreira do Lima    893    1 016;Influenciador digital
17482880;Nisa Oliveira;Vila Real    Chaves    Sanjurge    373    1 246;Programador / Desenvolvedor de software
29554832;Natália Gravato;Braga    Barcelos    Aguiar    574    245;DevOps engineer
48376846;Jacy Lamego;Guarda    Aguiar da Beira    Coruche    208    857;Técnico ambiental
32929493;Douglas Malta;Guarda    Almeida    Freineda    269    2 880;Funcionário público
36289585;Valentino Cavaco;Açores    Angra do Heroísmo    Feteira    1 044     308;Investigador
76627035;Olavo Negreiros;Viseu    Resende    Felgueiras    315    827;Enfermeiro
29174979;Evelina Prates;Aveiro    Mealhada    Murtosa    3 140     1 456;Formador profissional
74303482;Jacinto Melgaço;Bragança    Vila Flor    Roios    176    1 561;Analista de investimentos
12212576;Hildefonso Coimbra;Guarda    Almeida    Amoreira    185    1 330;Jornalista
14171453;Leticia Cidreira;Aveiro    Oliveira de Azemeis    Ul    2 832     498;Carpinteiro
66764591;Benedito Moura;Leiria    Pombal    Guia    2 726     3 791;Auditor
13735396;Cassilda Rodríguez;Braga    Vila Verde    Carreiras (S. Miguel)    623    185;Engenheiro agrónomo
18211359;Marina Macena;Castelo Branco    Sertã    Figueiredo    286    1 470;Cabeleireiro
42078841;Tomás Ruas;Castelo Branco    Covilhã    Unhais da Serra    1 385     3 211;Professor
20591165;Afonso Barreiros;Viseu    Oliveira de Frades    Oliveira de Frades    2 410     1 177;Técnico administrativo
51032152;Nei Alcântara;Aveiro    Oliveira do Bairro    Oliveira do Bairro    5 731     2 328;Pintor
16530504;Valentim Castelão;Bragança    Bragança    Mós    194    1 146;Jornalista
30091064;Clemente Barreiros;Setúbal    Almada    Caparica    19 327     1 071;Bombeiro
11483350;Alcina Guerra;Évora    Reguengos de Monsaraz    Corval    1 578     9 491;Especialista em inteligência artificial
50344676;Jorge Rodríguez;Castelo Branco    Oleiros    Álvaro    315    3 363;Freelancer
43064436;Américo Carlos;Santarem    Abrantes    Abrantes (S. Vicente)    10 698     3 864;Serralheiro
80988017;Dora Figueiroa;Vila Real    Mesão Frio    Cidadelhe    207    255;Bombeiro
91836916;Judite Loio;Aveiro    Oliveira de Azemeis    Pindelo    2 758     979;Notário
93016547;Mira Félix;Guarda    Gouveia    Paços da Serra    726    974;Gestor de e-commerce
19222287;Leonardo Milheiriço;Porto    Vila do Conde    Touguinhó    1 458     476;Polícia
74885762;Estevão Bouças;Braga    Braga    Fradelos    678    146;Nutricionista
19806000;Julieta Chaves;Setúbal    Alcochete    S. Francisco    1 128     421;Influenciador digital
42937309;Leónidas Esteves;Porto    Baião    Baião (Sta. Leocádia)    641    456;Gestor de transportes
38186330;Benvinda Martínez;Coimbra    Montemor-o-Velho    Meãs do Campo    1 716     958;Notário
27847108;Raul Custódio;Vila Real    Sabrosa    Provesende    356    896;Formador profissional
66446931;Donaldo Monforte;Viseu    Sernancelhe    Paradela    151    580;Babysitter
38033061;Leonor Rabelo;Porto    Amarante    Vila Chão do Marão    1 078     661;Comercial / vendedor
57000066;Andreia Mattozo;Beja    Mértola    S. Sebastião dos Carros    300    7 176;Guarda prisional
93128100;Judith Rego;Porto    Vila Nova de Gaia    S. Felix da Marinha    11 171     900;Veterinário
53673260;Américo Candal;Vila Real    Chaves    Vale de Anta    1 200     1 037;Pescador
17571769;Ademar Bouça;Guarda    Celorico da Beira    Velosa    146    1 125;Técnico de radiologia
17468197;Gabriel Goes;Porto    Amarante    Fridão    845    620;Auxiliar de ação direta
26411259;Armanda Colaço;Santarem    Torres Novas    Riachos    5 420     1 456;Funcionário público
78898041;Godofredo Gentil;Bragança    Bragança    Meixedo    188    1 154;Cuidador de idosos
19722765;Cátia Valgueiro;Porto    Matosinhos    Sta. Cruz do Bispo    6 108     375;Gestor
47934265;Norberto Diniz;Beja    Beja    Beja (Santiago Maior)    7 855     4 259;Solicitador
76874054;Ernesto Brás;Bragança    Vinhais    Vilar de Lomba    205    2 203;Procurador
67135853;Cloe Rangel;Braga    Guimarães    Nespereira    2 862     438;Animador turístico
52102162;Pascoal Gaspar;Guarda    Guarda    Corujeira    143    474;Formador profissional
27120434;Esmeralda Lousada;Açores    Lagoa (Açores)    Lagoa (Nª Sra do Rosário)    5 401     621;Gestor de marketing
15796160;David Carvalhosa;Coimbra    Cantanhede    Murtede    1 530     2 027;Educador de infância
23656380;Sílvia Braz;Viana do castelo    Paredes de Coura    Cristelo    352    260;Web designer
99049979;Avelino Marinho;Castelo Branco    Castelo Branco    Lousa    752    3 572;Professor
22665289;Alan Freitas;Guarda    Guarda    João Antão    194    861;Esteticista
47114181;Ofélia Carqueijeiro;Lisboa    Loures    Loures    24 237     2 491;Escritor
11226257;Nicolau Garrau;Setúbal    Setúbal    Gâmbia-Pontes-Alto da Guerra    4 076     3 287;Barman
49176580;Angélica Rufino;Santarem    Ourém    Freixianda    2 792     3 016;Carpinteiro
55213341;Milton Robalinho;Aveiro    Águeda    Agadão    496    3 534;Cuidador de idosos
31064738;Aurélia Veloso;Castelo Branco    Covilhã    Barco    576    1 518;Babysitter
64233810;Rosinha Faustino;Açores    Vila do Porto    S. Pedro    841    1 849;Esteticista
14616675;Tâmara Avellar;Coimbra    Oliveira do Hospital    Lagos da Beira    912    849;Analista de dados
10906454;Mónica Valverde;Braga    Guimarães    Creixomil    9 393     292;Cabeleireiro
55101546;Idalinda Corte-Real;Porto    Marco de Canaveses    Constance    1 639     355;Barman
28546452;Tarcísio Henriques;Braga    Vila Nova de Famalicão    Novais    898    113;Videógrafo
16194341;Florinda Ulhoa;Santarem    Rio Maior    Fráguas    945    1 619;Babysitter
23998458;Tadeu Carvalhal;Leiria    Leiria    Coimbrão    1 930     5 462;Pintor
29612361;Énio Terra;Vila Real    Valpaços    S. Pedro de Veiga de Lila    400    1 940;Designer gráfico
17328047;Clementino Magalhães;Santarem    Coruche    Biscainho    1 057     8 003;Educador de infância
26735771;Salema Mexia;Leiria    Bombarral    Carvalhal    2 934     3 213;Escritor
41740021;Glena Villalobos;Santarem    Torres Novas    Brogueira    1 065     2 107;Engenheiro industrial
52014023;Jessé Paes;Açores    Vila Franca do Campo    Vila Franca do Campo (S. Pedro)    1 120     248;Influenciador digital
19501080;Ciro Serralheiro;Coimbra    Coimbra    Coimbra (Sé Nova)    8 295     143;Polícia
13807381;Vidigal França;Bragança    Bragança    França    275    5 616;Psicólogo
61768404;Levina Imperial;Viseu    Resende    Felgueiras    315    827;Web designer
26884018;Débora Lousado;Leiria    Leiria    Barreira    3 301     1 176;Explicador / tutor
21612043;Telma Cachão;Viana do castelo    Melgaço    Prado    468    261;Agricultor
26901086;Libânia Cortês;Porto    Amarante    Olo    446    682;Cientista de dados
13488522;Hildefonso Ruela;Viseu    S. João da Pesqueira    S. João da Pesqueira    1 989     5 074;Engenheiro civil
23467097;Regina Lisboa;Bragança    Miranda do Douro    Palaçoulo    678    5 014;Fotógrafo
79135581;Elvira Malho;Açores    Lajes das Flores    Fajã Grande    225    1 255;Médico
16898942;Isaura Angelim;Coimbra    Cantanhede    Ourentã    1 310     1 788;Enfermeiro
88873651;Belisa Valério;Viseu    Mangualde    Moimenta de Maceira Dão    664    639;Músico
97436316;Milton Bouça;Porto    Trofa    Muro    1 972     581;Serralheiro
16955077;Nuno Ramírez;Vila Real    Mesão Frio    Mesão Frio (S. Nicolau)    436    45;Gestor de e-commerce
78069080;Valdir Barroqueiro;Santarem    Abrantes    Abrantes (S. João)    1 850     227;Técnico de radiologia
11979888;Lília Candal;Porto    Baião    Gestaçô    1 417     1 408;Piloto
27497231;Ania Milheirão;Braga    Vila Verde    Moure    1 593     467;Farmacêutico
58370993;Tabita Cartaxo;Évora    Évora    S. Manços    1 016     10 834;Engenheiro civil
23038567;Nadir Cipriano;Braga    Vila Nova de Famalicão    Carreira    1 907     215;Rececionista de hotel
31497384;Maura Azevedo;Vila Real    Chaves    Oura    652    1 426;Técnico ambiental
31889158;Maurícia Peixoto;Açores    Lajes das Flores    Fajã Grande    225    1 255;Serralheiro
52187514;Etelvina Oliveira;Porto    Paredes    Lordelo    9 930     925;Pintor
60005599;Ladislau Bastos;-----------------------------------------------------------;Designer gráfico
83336282;Fábio Lóio;Açores    Calheta (Açores)    Norte Pequeno    261    1 159;Cabeleireiro
11095686;Elvira Chagas;Viseu    Viseu    Viseu (Sta. Maria de Viseu)    7 130     357;Especialista em cibersegurança
58632424;Albertina Lamego;Viseu    Armamar    Santiago    180    376;Cabeleireiro
13223199;Telmo Orriça;Porto    Gondomar    Lousada (Sta. Margarida)    405    189;Influenciador digital
36105578;Argeu Domingos;Leiria    Marinha Grande    Moita    1 418     781;Serralheiro
29815833;Lia Cidreira;Braga    Guimarães    Prazins (Sta. Eufémia)    1 274     251;Operador de máquinas
10285606;Nara Padilha;Leiria    Caldas da Rainha    S. Gregório    907    1 442;Veterinário
35714373;Ediberto Frota;Bragança    Mirandela    Frechas    1 137     1 841;Engenheiro industrial
14668817;Elaine Correia;Açores    Praia da Vitória    Fontinhas    1 541     1 709;Investigador
17357828;Honória Cotrim;Beja    Beja    Sta. Vitória    750    11 103;Personal trainer
70016998;Egídio Vergueiro;Bragança    Bragança    Calvelhe    137    2 305;Especialista em inteligência artificial
68618030;Aldino Fraga;Guarda    Trancoso    Fiães    263    1 003;Nutricionista
15658393;Sérgio Martinho;Viana do castelo    Viana do Castelo    Cardielos    1 279     388;Rececionista de hotel
70090805;Alberta Thomé;Bragança    Vinhais    S. Jomil    62    796;Economista
12172229;Evangelina Cascais;Bragança    Mogadouro    Soutelo    180    1 797;Economista
26063736;Orlando Bettencourt;Guarda    Guarda    Guarda (Sé)    7 560     1 712;Personal trainer
38169840;Albino Correia;Viana do castelo    Ponte de Lima    Sá    406    292;Advogado
33368591;Vanderlei Castro;Coimbra    Penacova    Travanca do Mondego    537    1 023;Engenheiro mecânico
61868961;Teófilo Pedro;Viseu    Sernancelhe    Ferreirim    562    1 030;Gestor de e-commerce
65079639;Marisela Macedo;Lisboa    Loures    Unhos    10 531     448;Agricultor
42252877;Aquiles Caeira;Viseu    Castro Daire    Pinheiro    868    1 903;Empreendedor
48139864;Nélson Salgado;Porto    Lousada    Figueiras    1 242     286;Engenheiro mecânico
19597047;Diogo Coronel;Braga    Terras de Bouro Vilar da Veiga    1 530     8 364;Assistente dentário
13968001;Arminda Malafaia;Lisboa    Sintra    Belas    21 172     2 189;Auditor
27557805;Mauro Lago;Viana do castelo    Melgaço    Alvaredo    614    448;Empreendedor
22399688;Rosana Salguero;Santarem    Ourém    Fátima    10 302     7 129;Jornalista
73478071;Túlio Eanes;Guarda    Fornos de Algodres    Queiriz    293    1 099;Guia turístico
18184127;Natanael Goulart;Porto    Póvoa de Varzim    Beiriz    3 229     431;Diretor de hotel
17957211;Carmelinda Paz;Braga    Guimarães    Balazar    565    287;Advogado
65547960;Sílvio Negreiros;Aveiro    Sta. Maria da Feira    Louredo    1 459     867;Engenheiro industrial
60975097;Artur Almeida;Lisboa    Arruda dos Vinhos    Cardosas    746    599;Cozinheiro / chef
10198249;Nataniel Ferrão;Setúbal    Seixal    Fernão Ferro    10 753     2 526;Técnico administrativo
12972042;Genoveva Lóio;Porto    Baião    Mesquinhata    408    316;Auditor
23356457;Joaquina Quental;Viana do castelo    Arcos de Valdevez    Arcos de Valdevez (S. Paio)    1 112     320;Médico
76974138;Kevin Durão;Porto    Santo Tirso    Guimarei    736    643;Guarda prisional
12973365;Godofredo Meira;Viana do castelo    Arcos de Valdevez    Sistelo    341    2 683;Freelancer
19885189;Belmira Lameirinhas;Faro    Albufeira    Paderne    3 504     5 849;Programador / Desenvolvedor de software
15902977;Hamilton Marmou;Porto    Trofa    Guidões    1 906     416;Soldador
12777971;Rui Festas;Vila Real    Montalegre    Pondras    193    1 112;Eletricista
16341063;Núria Severiano;Viseu    Tondela    S. João do Monte    1 096     4 841;Militar
65094521;Pablo Macieira;Bragança    Carrazeda de Ansiães    Beira Grande    194    1 698;Engenheiro químico
22883191;Sílvia Matoso;Leiria    Pombal    Almagreira    3 075     4 318;Motorista
37352589;Lena Malafaia;Bragança    Vila Flor    Seixo de Manhoses    501    880;Administrador de sistemas
11864266;Abigail Assunção;Viana do castelo    Paredes de Coura    Vascões    237    697;Fotógrafo
28449350;Alana Silva;Guarda    Sabugal    Aldeia da Ribeira    198    2 869;Técnico de recursos humanos
20013822;Agostinho Caires;Lisboa    Cadaval    Pêro Moniz    644    2 553;Cabeleireiro
95908859;Silvana Martínez;Coimbra    Condeixa-a-Nova    Condeixa-a-Nova    3 980     292;Designer gráfico
91246453;Ivan Magalhães;Vila Real    Chaves    Eiras    560    477;Canalizador
47141624;Lisandra Oleiro;Viana do castelo    Paredes de Coura    Cristelo    352    260;Especialista em inteligência artificial
86612311;Matilde Palos;Guarda    Sabugal    Vila Boa    330    1 073;Operador de máquinas
22902204;Raimunda Fagundes;Leiria    Óbidos    Usseira    918    712;Assistente dentário
10528853;Armindo Bezerril;Açores    Ribeira Grande    Sta. Bárbara    1 271     1 273;Cientista de dados
17218132;Maísa Negrão;Bragança    Freixo de Espada à Cinta    Fornos    323    2 343;Empregado de mesa
36451924;Eva Carvalhosa;Vila Real    Chaves    S. Pedro de Agostém    1 513     2 685;DevOps engineer
80621034;Carlos Dotel;Vila Real    Sta. Marta de Penaguião    Sever    951    614;Eletricista
40102409;Mauro Salvado;Viana do castelo    Monção    Portela    213    915;Empreendedor
31996214;Yuri Varejão;Braga    Vila Verde    Oriz (S. Miguel)    267    244;Engenheiro industrial
19546086;Elvis Palma;Vila Real    Chaves    Madalena    2 004     605;Médico
35005282;Fabrício Barbalho;Braga    Vieira do Minho Cantelães    933    1 118;Técnico de análises clínicas
72886295;Octávia Macena;Bragança    Miranda do Douro    Águas Vivas    (*)     (*);Juiz
94929413;Tomás Soto;Castelo Branco    Belmonte    Caria    2 240     4 615;Notário
65944716;Avelino Durão;Lisboa    Sintra    Colares    7 472     3 307;Operador de máquinas
93760203;Luciana Lara;Viana do castelo    Ponte da Barca    Ponte da Barca    2 308     95;Escritor
52975902;André Thomé;Aveiro    Murtosa    Murtosa    3 140     1 456;Especialista em marketing digital
70749134;Adauto Alancastro;Guarda    Trancoso    Vale do Seixo    171    724;Educador social
10061990;Jonata Barateiro;Bragança    Miranda do Douro    Silva    310    3 144;Funcionário público
16497403;Marisol Rodrigues;Leiria    Porto de Mós    Serro Ventoso    1 114     3 416;Comercial / vendedor
14358396;Claudino Flores;Faro    Aljezur    Pereiro    287    10 125;Contabilista
12336380;Tadeu Vilalobos;Bragança    Vila Flor    Vila Flor    2 531     3 220;Assistente dentário
60533706;Leopoldina Horta;Évora    Borba    Rio de Moinhos    2 271     5 292;Assistente social
16254555;Adelmiro Álvaro;Açores    Velas    Manadas (Sta. Bárbara)    400    1 250;Psicólogo
17997356;Josefa Lousã;Lisboa    Loures    Prior Velho    6 683     161;Maquinista
77722461;Élia Varejão;Évora    Viana do Alentejo    Aguiar    699    2 781;Operador logístico
48960650;Fernando Galvão;Guarda    Sabugal    Rendo    342    2 240;Professor
35246725;Faustina Magalhães;Faro    Olhão    Quelfes    13 289     2 153;Serralheiro
22173842;Emanuela Nunes;Guarda    Sabugal    Nave    273    1 978;Enfermeiro
59808742;Eustácia Sintra;Guarda    Trancoso    Fiães    263    1 003;Polícia
45834818;Leónidas Baldaia;Setúbal    Santiago do Cacém    Santiago do Cacém    7 274     11 679;Assistente social
44043726;Aldina Figueiroa;Porto    Maia    Silva Escura    2 113     558;Engenheiro mecânico
77473853;Arménio Espartero;Braga    Braga    Cabreiros    1 638     276;Cabeleireiro
70144964;Alba Rosa;Guarda    Mêda    Marialva    271    1 915;Especialista em marketing digital
37140511;Edgar Piteira;Aveiro    Vagos    Fonte de Angeão    1 245     955;Consultor financeiro
37465760;Anaísa Macedo;Beja    Almodôvar    Gomes Aires    483    6 618;Solicitador
16527790;Maitê Vergueiro;Guarda    Vila Nova de Foz Côa    Freixo de Numão    652    2 742;Especialista em inteligência artificial
10283329;Isabel Viana;Porto    Amarante    Vila Chão do Marão    1 078     661;Economista
38768063;Carina Castelhano;Castelo Branco    Castelo Branco    Ninho do Açor    473    1 190;Empregado de mesa
36298194;Fabrício Onofre;Viana do castelo    Ponte de Lima    Labruja    482    1 673;Engenheiro informático
26406230;Ilídio Lessa;Madeira    Porto Santo    Porto Santo    4 474     4 217;Influenciador digital
83037937;Adriana Varella;Braga    Braga    Mire de Tibães    2 389     507;Educador social
88565240;Silvéria Vasconcellos;Guarda    Pinhel    Vale de Madeira    146    1 753;Empregado de mesa
85752634;Benedita Frota;Braga    Barcelos    Feitos    534    525;Dentista
23979939;Nara Grande;Guarda    Aguiar da Beira    Gradiz    212    1 371;Engenheiro agrónomo
10308486;Carmelinda Coronel;Bragança    Vinhais    S. Jomil    62    796;Barman
86429136;Argeu Lamego;Santarem    Alcanena    Moitas Venda    1 005     670;Empreendedor
10610007;Michael Gomes;Guarda    Guarda    Adão    227    2 068;Serralheiro
34186914;Nair Mora;Lisboa    Torres Vedras    Freiria    2 464     1 338;Barman
15079136;Norberto Assis;Viseu    Resende    S. Martinho de Mouros    1 738     1 467;Engenheiro mecânico
32677511;Marisela Mantas;Vila Real    Boticas    Vilar    238    1 190;Analista de dados
28825484;Wilian Valladares;Castelo Branco    Idanha-a-Nova    Salvaterra do Extremo    203    8 185;Canalizador
16050513;Henrique Matta;Coimbra    Figueira da Foz    Moinhos da Gândara    1 376     1 108;Diretor de hotel
51174850;Vânia Ginjeira;Braga    Barcelos    Vila Boa    1 640     181;Esteticista
18992578;Nélia Gomes;Guarda    Mêda    Vale Flor    227    1 676;Músico
81840002;Tomé Zagallo;Aveiro    Arouca    Sta. Eulália    2 340     1 831;Babysitter
61561677;Romualdo Carlos;Braga    Barcelos    Couto    349    360;Gestor de transportes
21889443;Norma Barroso;Lisboa    Odivelas    Pontinha    24 023     455;Técnico de recursos humanos
24760510;Armando Camargo;Leiria    Pombal    Redinha    2 363     4 208;Web designer
15345311;George Chagas;Faro    Silves    Armação de Pêra    3 770     915;Gestor de marketing
14424788;Marcela Leça;Faro    Lagos    Luz    3 068     2 183;Engenheiro mecânico
21705059;Edite Lessa;Guarda    Sabugal    Forcalhos    108    1 839;Auditor
43805164;Neiva Pedro;Viana do castelo    Vila Nova de Cerveira    Candemil    246    864;Gestor de produto
51826897;Clóvis Casalinho;Coimbra    Tábua    Espariz    759    932;Educador de infância
22853644;Camilo Peralta;Aveiro    Albergaria-a-Velha    Albergaria-a-Velha    7 421     2 677;Solicitador
15708602;Adauto Afonso;Braga    Fafe    Armil    820    518;Pedreiro
16983275;Acácio Brás;Castelo Branco    Covilhã    Peso    780    1 125;Cozinheiro / chef
11466330;Calebe Pinho;Aveiro    Oliveira de Azemeis    Pinheiro da Bemposta    3 621     890;Escritor
56480452;Péricles Lobo;Évora    Viana do Alentejo    Aguiar    699    2 781;Engenheiro industrial
10967174;Valdemiro Vasconcelos;Castelo Branco    Castelo Branco    Lardosa    1 044     4 446;Técnico de análises clínicas
37248773;Alexandre Póvoas;Faro    Lagos    Barão de S. João    804    5 263;Gestor
18888919;Natálio Meirelles;Aveiro    Arouca    Burgo    2 067     538;Influenciador digital
32244249;Arménio Cidreira;Vila Real    Chaves    Cimo de Vila da Castanheira    605    1 574;Escritor
39048708;Eusébio Vilalobos;Vila Real    Chaves    Sta. Maria Maior    12 260     415;Soldador
19479900;Magali Lamego;Coimbra    Arganil    Sarzedo    731    1 159;Guarda prisional
22488203;Nara Meireles;Porto    Vila Nova de Gaia    Crestuma    2 962     493;Diretor de hotel
12866367;Rogério Meira;Castelo Branco    Idanha-a-Nova    Segura    233    7 376;Fotógrafo
57603771;Bartolomeu Ávila;Lisboa    Lisboa    S. João de Deus    10 782     90;Engenheiro eletrotécnico
18309320;Carina Sant'Anna;Leiria    Nazaré    Nazaré    10 080     4 068;Especialista em cibersegurança
22405353;Nazário Veiga;Bragança    Macedo de Cavaleiros    Vilar do Monte    142    623;Pintor
25594518;Bryan Veríssimo;Santarem    Mação    Penhascoso    952    3 877;Engenheiro civil
23661221;Valério Soeiro;Leiria    Caldas da Rainha    Sta. Catarina    3 282     1 994;Jornalista
32996874;Cristina Gomide;Porto    Santo Tirso    Couto (S. Miguel)    1 292     239;Soldador
99057162;Olívio Mello;Viana do castelo    Vila Nova de Cerveira    Nogueira    242    244;Empreendedor
10578676;Avelina Varanda;Vila Real    Chaves    Vilas Boas    218    700;Educador de infância
68929413;Susete Branco;Viseu    Cinfães    Gralheira    205    1 058;Empreendedor
14550570;Adonirã Carvalhais;Beja    Beja    Beja (Santiago Maior)    7 855     4 259;Dentista
83913272;Yasmine Vilar;Braga    Vila Nova de Famalicão    Avidos    1 410     230;Técnico de recursos humanos
14081112;Telma Galvão;Aveiro    Mealhada    Torreira    2 495     3 209;Relações públicas
42935635;Anita Granjeiro;Viseu    Sernancelhe    Vale de Figueira    146    471;Analista de investimentos
92938819;Beatriz Quintero;Vila Real    Murça    Jou    794    3 720;Educador social
62364882;Maitê Cortês;Aveiro    Murtosa    Monte    1 116     240;Pescador
14755865;Naomi Monte;Leiria    Ansião    Torre de Vale de Todos    456    1 174;Eletricista
40964670;Adonirã Cotrim;Braga    Vila Nova de Famalicão    Castelões    1 746     360;Escritor
21631107;Flávia Gusmão;Porto    Porto    Foz do Douro    12 235     300;Operador de máquinas
16236180;Jacy Travassos;Braga    Braga    Penso (S. Vicente)    366    206;Empregado de mesa
16032814;Aparecida Silvestre;Bragança    Mogadouro    Mogadouro    3 638     4 910;Engenheiro civil
18989235;Neusa Hipólito;Setúbal    Seixal    Fernão Ferro    10 753     2 526;Empreendedor
35412883;Pablo Secadura;Castelo Branco    Belmonte    Inguias    846    1 505;Nutricionista
54972923;Belisa Aguiar;Setúbal    Grândola    Melides    1 789     16 270;Estafeta
19999883;Amilcar Almeida;Madeira    S. Vicente    Ponta Delgada    1 325     880;Polícia
21783907;Januário Lousado;Viseu    Sátão    Mioma    1 174     1 605;Analista de dados
49509433;Palmira Abasto;Castelo Branco    Fundão    Souto da Casa    988    2 913;Gestor de marketing
72505063;Calisto Outeiro;Braga    Guimarães    Prazins (Santo Tirso)    824    266;Gestor
27469471;Joaquina Azambuja;Guarda    Gouveia    Gouveia (S. Julião)    1 561     968;Polícia
48514218;Henrique Filipe;Lisboa    Cadaval    Cercal    534    2 032;Programador / Desenvolvedor de software
35262820;Ermengarda Freire;Lisboa    Lisboa    N. S. de Fátima    27 111     187;Técnico administrativo
70487589;Shirley Ornelas;Bragança    Mirandela    Abreiro    311    2 420;Contabilista
12792705;Diogo Borba;Coimbra    Coimbra    Taveiro    2 064     1 023;Freelancer
26560549;Cassilda Areosa;Viseu    Sernancelhe    Macieira    117    1 179;Designer gráfico
66475730;Karen Nazário;Lisboa    Lourinhã    Lourinhã    8 797     3 886;Engenheiro industrial
29494897;Aníbal Quintela;Leiria    Caldas da Rainha    Sta. Catarina    3 282     1 994;Educador social
42277685;Nadina Proença;Guarda    Almeida    Mido    59    700;Bombeiro
23742448;Ramom Canejo;Viseu    Sta. Comba Dão    Treixedo    1 104     1 320;Enfermeiro
41517377;Ciro Covilhã;Santarem    Vila Nova da Barquinha    Atalaia    1 735     1 439;DevOps engineer
18900945;Cornélio Menna;Santarem    Abrantes    S. Facundo    1 133     7 793;Engenheiro mecânico
18174703;Brígido Canejo;Vila Real    Vila Real    S. Tomé do Castelo    990    3 302;Dentista
61509406;Guida Paredes;Lisboa    Mafra    Encarnação    3 893     2 854;Especialista em cibersegurança
69596523;Dinora Peres;Porto    Amarante    Jazente    660    417;Agricultor
21298292;Ilda Matta;Vila Real    Vila Real    Vale de Nogueiras    1 011     1 298;Engenheiro informático
12095631;Belarmino Albernaz;Porto    Vila Nova de Gaia    Olival    5 616     796;Pescador
36796958;Franklin Bouça;Lisboa    Lisboa    Sé    1 160     12;Engenheiro químico
38563411;Belarmina Salguero;Évora    Portel    Amieira    436    9 836;Eletricista
27941901;Hebe Arantes;Guarda    Sabugal    Sortelha    579    4 327;Pedreiro
20708576;Henriqueta Moita;Porto    Póvoa de Varzim    A Ver-o-Mar    8 961     521;Solicitador
80154224;Evangelina Xavier;Lisboa    Lisboa    Sta. Maria de Belém    9 752     339;Engenheiro industrial
19410653;Antenor Afonso;Guarda    Celorico da Beira    Celorico (S. Pedro)    1 387     1 380;Engenheiro eletrotécnico
46526934;Inácio Cerqueira;Braga    Vila Verde    Valões    183    400;Engenheiro industrial
10930257;Augusto Seixas;Viseu    S. João da Pesqueira    Várzea de Trevões    237    930;Cientista de dados
15823379;Benvinda Caminha;Viana do castelo    Ponte da Barca    Boivães    338    634;Engenheiro mecânico
16225996;Aura Guedelha;Braga    Braga    Oliveira (S. Pedro)    568    287;Enfermeiro
11461180;Apolinário Paranhos;Braga    Póvoa de Lanhoso (N. S. do Amparo)    Oliveira    468    458;Operador logístico
75591331;Quitéria Jordão;Bragança    Mirandela    Lamas de Orelhão    462    1 939;Motorista
21802745;Lourdes Neto;Aveiro    Ovar    Cortegaça    4 066     1 012;Programador / Desenvolvedor de software
41024626;Acúrcio Salles;Bragança    Mirandela    Abreiro    311    2 420;Comercial / vendedor
42456039;Cláudio Barcelos;Porto    Penafiel    Bustelo    1 676     650;Enfermeiro
23723284;Gilberta Lagos;Viseu    Mortágua    Pala    1 042     4 910;Gestor de e-commerce
27903024;Rafaela Festas;Viana do castelo    Arcos de Valdevez    Sá    175    281;Agricultor
38884836;Dulcineia Caneira;Castelo Branco    Fundão    Telhado    619    1 752;Especialista em marketing digital
54962236;David Guedelha;Bragança    Moncorvo    Adeganha    447    4 896;Ator
15879083;Déia Guedes;Viana do castelo    Ponte de Lima    Seara    683    400;Investigador
39833593;Vanessa Lagoa;Viana do castelo    Monção    Ceivães    574    346;Agricultor
85099807;Adão Novais;Viana do castelo    Melgaço    Paços    379    480;Analista de investimentos
13363576;Adauto Soverosa;Viseu    Sernancelhe    Pereiro    156    485;Guia turístico
29993779;Theo Pinhal;Viana do castelo    Viana do Castelo    Castelo do Neiva    3 203     764;Engenheiro químico
82627573;Lorena Ouro;Braga    Braga    Fraião    2 131     322;Especialista em marketing digital
19642770;Sueli Passos;Viseu    Tondela    Canas de Sta. Maria    2 020     1 408;DevOps engineer
16709905;Valéria Calçada;Viana do castelo    Melgaço    Parada do Monte    487    2 732;Cabeleireiro
15325868;Lourdes Goulart;Viana do castelo    Melgaço    Roussas    1 139     946;Farmacêutico
34408889;Lita Souto;Évora    Portel    Alqueva    449    7 920;Babysitter
47264092;Madalena Grilo;Madeira    Porto Moniz    Achadas da Cruz    220    1 000;Cientista de dados
13651316;Jacob Abranches;Viseu    Tarouca    Várzea da Serra    380    2 119;Engenheiro informático
33039323;Sandro Telinhos;Aveiro    Anadia    Aguim    1 227     682;Fotógrafo
10086098;Jacob Carneiro;Faro    Loulé    Ameixial    604    12 135;Técnico de manutenção
19365803;Luisa Brandão;Lisboa    Oeiras    Queijas    8 771     735;Fisioterapeuta
26955622;Justina Carreiro;Lisboa    Sintra    Massamá    28 174     278;Contabilista
20387332;Valdemiro Peres;Santarem    Constância    Montalvo    1 081     1 251;Gestor de projetos IT
12585387;Noémia Miguel;Porto    Gondomar    Figueiras    1 242     286;Biólogo
82488693;Tiago Onofre;Vila Real    Vila Real    Guiães    585    717;Veterinário
18372062;Danilo Quinta;Lisboa    Lourinhã    Ribamar    2 080     573;Funcionário público
65035809;Capitolino Banha;Vila Real    Peso da Régua    Loureiro    1 452     512;Nutricionista
64488396;Clementino Pequeno;Santarem    Torres Novas    Zibreira    1 058     1 049;Engenheiro mecânico
15461530;Aldino Torres;Vila Real    Sabrosa    S. Cristóvão do Douro    196    297;Engenheiro industrial
20621543;Palmira Monforte;Porto    Marco de Canaveses    Penha Longa    2 196     1 220;Empreendedor
27809460;Eutímio Vilela;Braga    Terras de Bouro Vilar    200    466;Dentista
37328770;Wilton Rodrigues;Guarda    Almeida    Mido    59    700;Explicador / tutor
58807934;Rute Lameira;Castelo Branco    Fundão    Alpedrinha    1 184     1 822;Engenheiro informático
18356091;Nabal Brito;Bragança    Alfândega da Fé    Eucisia    171    2 046;Militar
28368171;Graciete Regueira;Santarem    Santarem    Vaqueiros    317    354;Engenheiro mecânico
35235528;Violeta Lira;Porto    Porto    Massarelos    7 756     194;Médico
28768000;Margarida Pinho;Braga    Cabeceiras de Basto    Vilar de Cunhas    260    1 947;Militar
44899843;Ricarda César;Bragança    Bragança    Macedo do Mato    296    1 545;DevOps engineer
15550754;Amável Meireles;Braga    Vila Nova de Famalicão    Seide (S. Paio)    381    134;Administrador de sistemas
21029654;Anastácio Quinaz;Viana do castelo    Vila Nova de Cerveira    Candemil    246    864;Web designer
54708444;Ermengarda Ximenes;Guarda    Sabugal    Aldeia do Bispo    395    1 272;Especialista em cibersegurança
85507101;Tadeu Cordeiro;Guarda    Seia    Vila Cova à Coelheira    574    1 000;Gestor de projetos IT
23286769;Vanderlei Velázquez;Bragança    Moncorvo    Torre de Moncorvo    3 033     3 588;Engenheiro industrial
18727631;Marisela Barbosa;Bragança    Alfândega da Fé    Gebelim    259    1 900;Enfermeiro
78181975;Vanusa Almada;Lisboa    Odivelas    Pontinha    24 023     455;Engenheiro informático
54972467;Benedito Estrada;Porto    Baião    Teixeira    874    2 085;Consultor financeiro
58584606;Berta Bensaúde;Vila Real    Alijó    Ribalonga    291    915;Soldador
27399651;Cornélio Meira;Braga    Póvoa de Lanhoso (N. S. do Amparo)    Covelas    400    284;Relações públicas
23359020;Argeu Pessoa;Aveiro    Águeda    Macieira de Alcoba    110    939;Analista de dados
28633548;Levi Cirne;Aveiro    Castelo de Paiva    Fornos    1 602     439;Engenheiro civil
68533139;Gil Queiroga;Braga    Vila Nova de Famalicão    Pedome    2 234     266;Cozinheiro / chef
46431530;Óscar Camilo;Vila Real    Sta. Marta de Penaguião    Lobrigos (S. Miguel)    1 327     442;DevOps engineer
56943404;Iolanda Neres;Lisboa    Azambuja    Maçussa    506    739;Rececionista de hotel
49111265;Geraldino Mendoça;Leiria    Leiria    Monte Real    2 778     1 223;Freelancer
14178013;Romana Canadas;Bragança    Vila Flor    Val de Torno    309    1 375;Especialista em cibersegurança
79437925;Amanda Lucas;Lisboa    Cascais    Carcavelos    20 037     437;Educador social
28103226;Laura Sardinha;Braga    Vila Nova de Famalicão    Vale (S. Martinho)    1 943     405;Especialista em inteligência artificial
17632623;Matilde Fortunato;Porto    Vila Nova de Gaia    Valadares    9 095     494;Explicador / tutor
19666051;Genoveva Branco;Viana do castelo    Ponte de Lima    Ardegão    236    302;Operador logístico
95118582;Aparecida Belchior;Setúbal    Alcácer do Sal    Torrão    2 758     37 276;Polícia
33589064;Florbela Norões;Porto    Gondomar    Nespereira    1 793     262;Técnico de recursos humanos
13567801;Cibelli Teles;Castelo Branco    Fundão    Castelejo    824    2 948;Pedreiro
55017054;Venâncio Ataíde;Porto    Póvoa de Varzim    Estela    2 596     1 173;Técnico de análises clínicas
59472631;Marcos Castel-Branco;Aveiro    Sever do Vouga    Pessegueiro do Vouga    1 906     1 601;Gestor
32791782;Rogério Iglesias;Coimbra    Lousã    Foz de Arouce    1 112     1 628;Gestor de projetos IT
29209144;Dores Coimbra;Viseu    Tondela    Tourigo    571    890;Fisioterapeuta
72597906;Adauto Muniz;Porto    Lousada    Casais    1 405     251;Soldador
